longitude,latitude
-73.874, 40.7769
-74.00132751464844,40.68571853637695
-73.99417877197266,40.69548034667969
-73.98060607910156,40.6788444519043
-73.72852325439453,40.65764999389648
-73.96175384521484,40.77688980102539
-73.79962921142578,40.6899299621582
-73.97600555419923,40.75136184692383
-73.91095733642578,40.68437957763672
-73.95503997802734,40.73498916625977
-73.86324310302734,40.76939010620117
-73.8416748046875,40.6507682800293
-73.93976593017578,40.83562088012695
-73.9151382446289,40.84225845336913
-73.83999633789062,40.72017288208008
-73.98005676269531,40.79056167602539
-73.96549224853516,40.64179992675781
-73.84980010986328,40.72317886352539
-73.96653747558594,40.7130012512207
-73.97578430175781,40.658027648925774
-73.97347259521484,40.79806137084961
-73.92147064208984,40.81099319458008
-73.94496154785155,40.72262573242188
-73.98143768310547,40.68568420410156
-73.94526672363281,40.79010009765625
-73.93396759033203,40.69258499145508
-73.82174682617188,40.79497909545898
-73.82689666748048,40.7516975402832
-73.87616729736328,40.75698471069336
-73.92501831054686,40.740249633789055
-73.93073272705078,40.76097106933594
-73.92603302001955,40.86772155761719
-73.9510269165039,40.802642822265625
-73.96087646484375,40.801624298095696
-73.96891784667969,40.75926971435547
-73.7074203491211,40.742618560791016
-73.99797821044923,40.67791748046875
-73.95077514648438,40.78586196899415
-73.99925231933594,40.72772216796875
-73.99021911621094,40.734561920166016
-73.97926330566406,40.78178787231445
-73.91097259521484,40.885650634765625
-73.96807098388672,40.768253326416016
-73.97964477539062,40.761531829833984
-73.9277801513672,40.76639938354492
-73.957763671875,40.76948928833008
-73.98331451416014,40.72062683105469
-73.95476531982422,40.69256591796875
-73.93881225585938,40.8074607849121
-73.9474105834961,40.77608871459961
-73.81597137451173,40.69018173217773
-73.91038513183594,40.76164627075195
-73.97431945800781,40.731971740722656
-73.97051239013672,40.68948364257813
-73.87960052490234,40.82221984863281
-73.95975494384766,40.75993728637695
-73.98007202148438,40.73346710205078
-73.99958801269531,40.73881149291992
-73.99124908447266,40.71470260620117
-73.96260070800781,40.684791564941406
-73.94815826416014,40.83442306518555
-73.89064025878906,40.746280670166016
-73.94830322265625,40.816368103027344
-73.80658721923827,40.65593719482422
-73.974365234375,40.72588348388672
-73.99465179443358,40.75529098510742
-73.9820327758789,40.75173950195313
-73.90245819091797,40.83477020263672
-73.95623779296875,40.6536979675293
-73.92726898193358,40.77632141113281
-73.90959930419923,40.777103424072266
-73.89627838134766,40.85628128051758
-74.00055694580078,40.74446868896485
-73.9363021850586,40.81465530395508
-73.86177825927734,40.72889709472656
-73.92256164550781,40.76956176757813
-73.93896484375,40.63674545288085
-73.79108428955078,40.68878173828125
-73.88138580322266,40.763919830322266
-73.99179077148438,40.74661636352539
-73.83309173583984,40.88956832885742
-73.86115264892578,40.75299835205078
-73.9632797241211,40.72035598754883
-73.72624969482422,40.72551345825195
-73.88540649414062,40.83612823486328
-74.03340911865234,40.61639022827149
-73.98602294921875,40.72946548461913
-73.95255279541014,40.77323913574219
-73.80738830566406,40.689640045166016
-73.82312774658203,40.71513366699219
-73.92708587646483,40.75528335571289
-73.93852996826173,40.65340042114258
-73.94434356689453,40.6914291381836
-73.89115142822266,40.82865905761719
-73.95954132080078,40.81567001342773
-73.8905029296875,40.86769485473633
-73.93482208251955,40.85174179077149
-73.91777038574219,40.66646957397461
-73.98556518554686,40.66376876831055
-74.00995635986328,40.71038818359375
-74.00507354736328,40.733154296875
-73.87720489501955,40.72394943237305
-73.76065826416014,40.71969604492188
-73.98861694335938,40.69353103637695
-73.94049835205078,40.82643127441406
-73.8301239013672,40.69155883789063
-73.93950653076173,40.59294509887695
-74.0037384033203,40.71612548828125
-74.01519775390625,40.70930480957031
-73.8867645263672,40.75337600708008
-73.74989318847656,40.73171615600585
-73.97865295410156,40.67037963867188
-73.709228515625,40.66191864013672
-73.82575988769531,40.78157806396485
-73.87621307373048,40.767494201660156
-73.86175537109375,40.737789154052734
-73.868408203125,40.66849136352539
-73.8849105834961,40.74420166015625
-73.9132080078125,40.75534057617188
-73.8729476928711,40.774497985839844
-73.99329376220702,40.72433090209961
-73.94860076904298,40.823890686035156
-73.98408508300781,40.7700424194336
-73.95411682128906,40.678138732910156
-73.77633666992188,40.64580535888672
-73.86203765869139,40.84716033935547
-74.18330383300781,40.688003540039055
-73.78870391845702,40.641502380371094
-73.812744140625,40.73202133178711
-73.98683929443358,40.75836181640625
-73.91400909423827,40.746109008789055
-73.78998565673827,40.64693832397461
-73.99920654296875,40.73353958129883
-73.84315490722656,40.75511169433594
-74.17729949951173,40.695072174072266
-73.82523345947266,40.86167907714844
-73.9314956665039,40.797760009765625
-73.8047332763672,40.712566375732415
-73.84777069091797,40.7293701171875
-73.98490142822266,40.74509811401367
-73.81075286865234,40.79507827758789
-73.97042846679686,40.75192642211913
-73.87291717529298,40.71331405639648
-73.78189849853516,40.71628952026367
-73.96842193603516,40.59052276611328
-73.97246551513672,40.69805145263672
-73.93236541748048,40.68446350097656
-73.94096374511719,40.67144012451172
-73.98945617675781,40.77651596069336
-73.9971923828125,40.76668930053711
-73.92496490478516,40.82594680786133
-73.95634460449219,40.74700927734375
-73.78340148925781,40.64374923706055
-73.94735717773438,40.66699981689453
-73.81761169433594,40.7229118347168
-73.99764251708984,40.71480178833008
-73.89794921875,40.7210807800293
-73.79014587402342,40.76283264160156
-73.85726165771484,40.69243621826172
-74.00070953369139,40.75846862792969
-73.95612335205078,40.66278839111328
-73.92567443847656,40.70539855957031
-74.13680267333984,40.60062026977539
-73.85809326171875,40.67730712890625
-73.85485076904298,40.729095458984375
-74.01932525634766,40.89917755126953
-73.7295913696289,40.62139892578125
-73.78099822998048,40.741077423095696
-73.88748931884766,40.6572151184082
-73.90567016601562,40.64561080932617
-73.9542007446289,40.78004837036133
-73.79815673828125,40.67097473144531
-73.82381439208984,40.723899841308594
-73.96381378173827,40.795509338378906
-73.8565902709961,40.8882064819336
-73.95967102050781,40.63726806640625
-73.94300079345702,40.81642532348633
-73.83575439453125,40.70732116699219
-74.12470245361328,40.62437438964844
-73.87055969238281,40.768909454345696
-73.69519805908203,40.683326721191406
-73.75940704345702,40.69101333618164
-74.01007843017578,40.72156143188477
-73.91402435302734,40.70936584472656
-73.76910400390625,40.67498016357422
-73.90502166748048,40.8538818359375
-73.82991790771484,40.73039627075195
-73.95223236083984,40.717681884765625
-73.86268615722656,40.68676376342773
-74.00177001953125,40.70774459838867
-73.97352600097656,40.78704833984375
-73.78294372558594,40.64882278442383
-73.97374725341797,40.74395751953125
-73.91685485839844,40.77091979980469
-73.97438049316406,40.67822647094727
-73.96331024169923,40.67469024658203
-73.92376708984375,40.69615936279297
-73.97824859619139,40.60577774047852
-73.95469665527342,40.82329559326172
-73.9775390625,40.77437973022461
-73.93820953369139,40.58399200439453
-73.8339614868164,40.713203430175774
-73.96958923339844,40.5974235534668
-73.90957641601562,40.6367416381836
-73.78900146484375,40.675159454345696
-73.99834442138672,40.63935852050781
-73.96779632568358,40.80220031738281
-73.9065704345703,40.7701416015625
-73.8969497680664,40.64033508300781
-73.90425872802734,40.655540466308594
-73.94815063476562,40.708320617675774
-73.88551330566406,40.7732048034668
-73.8339614868164,40.75823211669922
-73.89876556396483,40.66046142578125
-73.98162841796875,40.62601089477539
-73.86941528320312,40.75678634643555
-73.77529907226562,40.77709197998047
-74.03155517578125,40.63648986816406
-73.9537582397461,40.70918273925781
-73.73339080810547,40.73509979248047
-73.76821899414062,40.749061584472656
-73.9312744140625,40.85695266723633
-73.78211212158203,40.72356033325195
-73.71814727783203,40.62001037597656
-73.86666107177734,40.855018615722656
-73.96048736572266,40.70746994018555
-73.95018768310547,40.60327911376953
-73.90770721435547,40.6116943359375
-73.91126251220702,40.64382934570313
-74.07569122314453,40.60281372070313
-73.79126739501955,40.71986389160156
-73.94939422607422,40.74038696289063
-73.91045379638672,40.66468048095703
-73.94766235351562,40.67419052124024
-73.7950210571289,40.65803146362305
-73.9608383178711,40.62522888183594
-73.80502319335938,40.73466110229492
-73.89874267578125,40.711158752441406
-73.94402313232422,40.60627365112305
-73.91515350341797,40.78269958496094
-73.9284896850586,40.85113143920898
-73.87177276611328,40.72903060913085
-73.78957366943358,40.59063720703125
-73.97373962402342,40.737003326416016
-73.94100952148438,40.74678039550781
-73.955810546875,40.62807083129883
-73.94076538085938,40.79921340942383
-73.92134857177734,40.77664184570313
-73.91796875,40.76435852050781
-73.98774719238281,40.66915893554688
-73.97347259521484,40.63835144042969
-73.88750457763672,40.762203216552734
-73.81543731689453,40.710762023925774
-74.01950073242188,40.63367080688477
-73.82344055175781,40.69524002075195
-73.98182678222656,40.73918914794922
-73.84194946289062,40.728118896484375
-73.94044494628906,40.61677169799805
-73.91664123535155,40.817420959472656
-73.79695129394531,40.80854415893555
-73.96382904052734,40.69202041625977
-73.9674301147461,40.7076530456543
-73.941650390625,40.62455368041992
-73.75206756591797,40.74350357055664
-73.877197265625,40.881813049316406
-74.00000762939453,40.65532302856445
-74.02593994140625,40.636085510253906
-73.99122619628906,40.663738250732415
-73.88389587402342,40.669532775878906
-73.94544219970702,40.808021545410156
-73.90441131591797,40.74168014526367
-73.94540405273438,40.660926818847656
-73.84169006347656,40.66070938110352
-73.9534683227539,40.791099548339844
-73.98016357421875,40.82299041748047
-73.99433135986328,40.76122283935547
-73.95649719238281,40.72713088989258
-73.82620239257811,40.74324035644531
-73.98237609863281,40.69152069091797
-73.96954345703125,40.62651062011719
-73.86056518554686,40.90080261230469
-73.94972991943358,40.73367309570313
-74.0036849975586,40.72240829467773
-73.99071502685547,40.74010467529297
-74.00962829589844,40.71635055541992
-73.82386016845702,40.66189956665039
-73.9385986328125,40.76030731201172
-73.90515899658203,40.896671295166016
-73.93672180175781,40.70649337768555
-73.87749481201173,40.749183654785156
-74.03456115722656,40.71446990966797
-73.80332946777344,40.705078125
-73.98974609375,40.62630462646485
-73.97425842285155,40.75838851928711
-73.9787826538086,40.76668930053711
-73.7189712524414,40.72766494750977
-73.7215118408203,40.7794189453125
-73.72178649902342,40.594913482666016
-73.97073364257811,40.672080993652344
-73.93950653076173,40.683780670166016
-74.00719451904298,40.74138641357422
-73.77335357666014,40.76978302001953
-73.93576049804686,40.665931701660156
-73.98135375976562,40.69710159301758
-73.82894897460938,40.76481628417969
-73.88301086425781,40.580970764160156
-73.941650390625,40.77669525146485
-73.9178466796875,40.8696517944336
-73.760986328125,40.73991775512695
-74.07166290283203,40.664207458496094
-73.95060729980467,40.69969177246094
-73.99549865722656,40.68334579467773
-73.92465209960938,40.79925155639648
-73.94416046142578,40.63893127441406
-73.93926239013672,40.71598815917969
-73.80068969726562,40.7599983215332
-73.98471069335938,40.711273193359375
-73.79959869384766,40.79496765136719
-74.01205444335938,40.67390823364258
-73.69554138183594,40.79755783081055
-74.01195526123048,40.70349502563477
-73.8033905029297,40.7293357849121
-73.93546295166014,40.75139999389648
-73.77976989746094,40.73577880859375
-73.92886352539062,40.81452941894531
-73.86846160888672,40.688640594482415
-73.9205093383789,40.882999420166016
-73.92457580566406,40.67387771606445
-73.88923645019531,40.72244262695313
-73.80687713623048,40.69889831542969
-73.96109008789062,40.70208358764648
-73.97930908203125,40.74426651000977
-73.98490142822266,40.76354217529297
-74.01271057128906,40.65108871459961
-73.90572357177734,40.74699783325195
-74.01610565185547,40.71477890014648
-73.85952758789062,40.57534790039063
-73.973388671875,40.643409729003906
-74.00787353515625,40.63447570800781
-73.89604949951173,40.75450134277344
-73.95271301269531,40.61141586303711
-73.9135208129883,40.62210083007813
-73.74019622802734,40.78974151611328
-73.98277282714845,40.7759017944336
-73.78296661376955,40.909534454345696
-73.83016204833984,40.68489074707031
-73.89409637451173,40.7025260925293
-73.93443298339844,40.84598922729492
-73.92769622802734,40.6143798828125
-73.97498321533203,40.792747497558594
-73.76484680175781,40.660888671875
-73.96118927001955,40.66437911987305
-73.88667297363281,40.704246520996094
-73.72547912597656,40.76616668701172
-73.74766540527342,40.6994743347168
-73.9919662475586,40.77068328857422
-73.88107299804686,40.68054962158203
-73.90086364746094,40.63121032714844
-73.91690063476562,40.834327697753906
-73.81156158447266,40.780311584472656
-73.8435287475586,40.8526725769043
-73.90269470214845,40.89140319824219
-73.94336700439453,40.76897048950195
-73.89907836914062,40.82611083984375
-73.86693572998048,40.83985137939453
-73.92070770263672,40.75704574584961
-73.79779052734375,40.72918319702149
-73.79876708984375,40.77117538452149
-73.96775817871094,40.61151885986328
-73.88713836669923,40.85614013671875
-74.0103988647461,40.60417556762695
-73.77399444580078,40.73320770263672
-73.92196655273438,40.74596786499024
-73.86961364746094,40.762996673583984
-73.71813201904298,40.740081787109375
-73.91040802001955,40.892051696777344
-73.76604461669923,40.68711853027344
-73.94135284423827,40.75190353393555
-73.84629821777344,40.68297576904297
-73.89559173583984,40.74045181274415
-73.90543365478516,40.8201560974121
-73.92959594726562,40.699798583984375
-73.82862091064453,40.70375061035156
-73.73184204101562,40.62716674804688
-73.9623489379883,40.81024932861328
-73.9289321899414,40.69247817993164
-73.91710662841797,40.682029724121094
-73.9988021850586,40.64462661743164
-73.94757843017578,40.7285385131836
-73.98739624023438,40.58535385131836
-73.93888092041014,40.7256965637207
-73.73844909667969,40.798912048339844
-73.96735382080078,40.852298736572266
-74.00690460205078,40.7047233581543
-73.9576873779297,40.6709098815918
-73.97278594970702,40.651363372802734
-73.8915786743164,40.769142150878906
-73.91598510742188,40.69994354248047
-73.90789031982422,40.701114654541016
-73.83345031738281,40.74544143676758
-73.73536682128906,40.65756607055664
-73.90611267089844,40.75517654418945
-73.9603042602539,40.646385192871094
-73.8399887084961,40.858829498291016
-73.89678192138672,40.88207626342773
-73.777587890625,40.91139221191406
-73.74786376953125,40.676700592041016
-73.79077911376955,40.734657287597656
-73.73300170898438,40.72665023803711
-73.95085906982422,40.684654235839844
-73.82874298095702,40.73740768432617
-73.96685791015625,40.78900146484375
-73.96991729736328,40.83504104614258
-73.98725128173827,40.7529411315918
-73.91392517089844,40.69182968139648
-74.03473663330078,40.72641372680664
-73.72876739501955,40.63633346557617
-73.82432556152342,40.686439514160156
-73.8339614868164,40.81094741821289
-73.96150970458984,40.65249633789063
-73.92015075683594,40.6336784362793
-73.80782318115234,40.66833114624024
-73.99085998535155,40.61034393310547
-73.9752197265625,40.71867752075195
-73.83190155029298,40.829437255859375
-73.90762329101562,40.71906661987305
-73.95175170898438,40.75940704345703
-73.859619140625,40.83612823486328
-73.7912368774414,40.777286529541016
-73.97838592529298,40.713375091552734
-74.09146881103516,40.600929260253906
-73.81501007080078,40.74143600463867
-73.82814788818358,40.877540588378906
-73.84877014160156,40.7576904296875
-73.73274993896483,40.67681884765625
-73.7751693725586,40.78242111206055
-73.91819763183594,40.87710189819336
-73.95487213134766,40.740028381347656
-73.74330139160156,40.60741424560547
-73.95088195800781,40.621978759765625
-73.9457473754883,40.82938003540039
-74.00357818603516,40.751548767089844
-73.87958526611328,40.71448135375977
-73.88427734375,40.731269836425774
-73.99467468261719,40.68964385986328
-73.76998901367188,40.66989517211913
-73.83234405517578,40.75313186645508
-73.89051055908203,40.83468246459961
-73.88143920898438,40.63928604125977
-73.94567108154298,40.71453094482422
-73.7557373046875,40.69778060913085
-73.86284637451173,40.88962173461913
-73.9491195678711,40.579753875732415
-73.80432891845702,40.77910614013672
-73.9848403930664,40.60973739624024
-73.93950653076173,40.84259033203125
-73.7959442138672,40.71251678466797
-73.82282257080078,40.732322692871094
-73.91458892822266,40.67327880859375
-73.866455078125,40.90514373779297
-73.81670379638672,40.83594131469727
-73.81664276123048,40.76350784301758
-73.93814849853516,40.658592224121094
-73.98672485351562,40.70093536376953
-73.71012878417969,40.6389274597168
-73.74413299560547,40.7333984375
-73.98194885253906,40.658069610595696
-73.91537475585938,40.77600479125977
-73.98097991943358,40.635353088378906
-73.85716247558594,40.7234001159668
-73.80571746826173,40.785320281982415
-73.94255828857422,40.703140258789055
-73.98986053466798,40.57490539550781
-73.99180603027342,40.63296890258789
-73.80741119384766,40.74198913574219
-73.8832015991211,40.69203186035156
-74.00643920898438,40.67868041992188
-73.9064712524414,40.90679168701172
-73.9456787109375,40.7818603515625
-74.0322265625,40.71971130371094
-73.95948028564453,40.60321044921875
-73.74085235595702,40.699806213378906
-73.77528381347656,40.74169921875
-73.75972747802734,40.76199340820313
-73.84268951416014,40.691368103027344
-73.89616394042969,40.865631103515625
-73.8086395263672,40.683631896972656
-73.73226928710938,40.79207229614258
-73.80897521972656,40.72248840332031
-73.76423645019531,40.71004867553711
-74.02365112304686,40.77364730834961
-73.69974517822266,40.62902450561523
-73.8150863647461,40.6624755859375
-73.80522155761719,40.77207565307617
-73.73663330078125,40.76940155029297
-73.85426330566406,40.75728988647461
-73.95806884765625,40.717140197753906
-73.92632293701173,40.862464904785156
-73.95980072021484,40.61152648925781
-74.00731658935547,40.72756958007813
-73.90904235839844,40.67829132080078
-73.94955444335938,40.64995956420898
-73.81851959228516,40.75104904174805
-73.78977966308595,40.72651672363281
-73.98614501953125,40.80978012084961
-73.9519805908203,40.80922317504883
-73.93392181396483,40.76829147338867
-73.98755645751955,40.68635177612305
-73.9524917602539,40.66822052001953
-73.7415542602539,40.59882354736328
-73.97349548339844,40.76460266113281
-73.96504974365234,40.67972946166992
-73.71660614013672,40.64845657348633
-73.78257751464844,40.696136474609375
-74.1898880004883,40.69894790649415
-74.0072021484375,40.65142822265625
-74.01396942138672,40.631343841552734
-73.9205780029297,40.69089889526367
-74.14860534667969,40.608177185058594
-73.85846710205078,40.85363388061523
-73.89701843261719,40.74700164794922
-73.8255157470703,40.82834243774415
-73.91231536865234,40.60618209838867
-73.89999389648438,40.69826126098633
-73.90799713134766,40.83694076538085
-73.99395751953125,40.70106887817383
-73.9333724975586,40.65241622924805
-73.8202133178711,40.67236328125
-73.91001892089844,40.87422180175781
-73.94895935058594,40.7971076965332
-74.02989959716798,40.624900817871094
-73.81574249267578,40.773738861083984
-73.84659576416014,40.73619079589844
-73.92267608642578,40.64674758911133
-73.79666900634766,40.73539352416992
-73.94088745117188,40.851428985595696
-74.03988647460938,40.721412658691406
-73.97823333740234,40.66307067871094
-73.82305145263672,40.763771057128906
-73.89132690429686,40.665687561035156
-73.96542358398438,40.75368118286133
-73.97418212890625,40.85410690307617
-73.97950744628906,40.72742080688477
-73.89997863769531,40.61869812011719
-73.96772766113281,40.64863967895508
-73.96133422851562,40.9061279296875
-73.99852752685547,40.72130966186523
-73.7400131225586,40.70966720581055
-73.91162872314453,40.86860656738281
-73.79859161376955,40.76583862304688
-73.9997787475586,40.69175720214844
-73.89913940429686,40.768150329589844
-73.92325592041014,40.80510711669922
-73.9095001220703,40.72547912597656
-73.83352661132812,40.676841735839844
-74.0001220703125,40.606689453125
-73.86538696289062,40.74440002441406
-73.76927947998048,40.720741271972656
-73.81887054443358,40.8181037902832
-73.98239135742188,40.644508361816406
-73.86260223388672,40.81969833374024
-73.75626373291014,40.72650909423828
-73.84095764160156,40.78126907348633
-73.7214584350586,40.64108657836913
-73.72531890869139,40.7872314453125
-73.85027313232422,40.71527099609375
-73.856689453125,40.86827850341797
-73.80863189697266,40.70499038696289
-74.0852813720703,40.58215713500977
-73.73371124267578,40.78392028808594
-73.793212890625,40.77133560180664
-73.86737823486328,40.88163375854492
-73.7568817138672,40.68374633789063
-73.98458099365234,40.78234481811523
-73.83466339111328,40.76998901367188
-73.74740600585938,40.7486457824707
-73.79388427734375,40.78474807739258
-74.00694274902342,40.64036178588867
-73.94689178466798,40.753013610839844
-73.94595336914062,40.616661071777344
-73.91969299316406,40.82350158691406
-73.71218872070312,40.735748291015625
-73.76976013183594,40.739910125732415
-74.17960357666014,40.7752799987793
-73.75016021728516,40.79158020019531
-73.91619873046875,40.84785079956055
-73.84569549560547,40.7744369506836
-73.8279571533203,40.70888137817383
-73.93643188476562,40.73622131347656
-73.90636444091797,40.69359588623047
-73.92693328857422,40.686729431152344
-73.87130737304686,40.74203872680664
-73.7310562133789,40.61541748046875
-73.93128204345702,40.706558227539055
-73.93949127197266,40.79272079467773
-73.76094055175781,40.81544876098633
-73.86023712158203,40.7105827331543
-74.0089340209961,40.90485382080078
-74.02566528320312,40.63023376464844
-73.94747924804686,40.7479362487793
-73.96656036376955,40.57551956176758
-73.85205841064453,40.79083251953125
-73.78376007080078,40.70745086669922
-73.75881958007811,40.733341217041016
-73.83334350585938,40.84627914428711
-73.89667510986328,40.908912658691406
-74.16290283203125,40.74563980102539
-73.93167877197266,40.67419052124024
-73.89132690429686,40.63991165161133
-73.81793975830078,40.71651840209961
-73.86824035644531,40.87435150146485
-73.89585876464844,40.72916030883789
-73.71073150634766,40.7536735534668
-73.87734985351562,40.875694274902344
-73.95337677001955,40.64050674438477
-73.87747955322266,40.839393615722656
-73.79706573486328,40.696155548095696
-73.9608383178711,40.61736679077149
-73.81401062011719,40.66788101196289
-73.92229461669923,40.654483795166016
-73.9989013671875,40.626331329345696
-74.03517913818358,40.6228904724121
-74.01895904541014,40.84806823730469
-73.98837280273438,40.6409912109375
-73.84269714355469,40.71255111694336
-73.72364044189453,40.7041244506836
-73.75138854980467,40.77566528320313
-73.89163970947266,40.8850212097168
-73.73645782470702,40.75859832763672
-73.83463287353516,40.84099960327149
-73.7156753540039,40.80041885375977
-73.85407257080078,40.75202941894531
-73.78362274169923,40.78070068359375
-73.85079956054686,40.747013092041016
-73.86666107177734,40.72153091430664
-73.9755630493164,40.6867790222168
-73.81744384765625,40.84570693969727
-74.00628662109375,40.781959533691406
-73.76825714111328,40.75902557373047
-73.80255126953125,40.64657974243164
-73.92725372314453,40.834938049316406
-73.89261627197266,40.77434539794922
-73.79468536376955,40.74175262451172
-73.89473724365234,40.678958892822266
-73.9490509033203,40.59779357910156
-73.7859115600586,40.78575897216797
-73.7840576171875,40.66583633422852
-74.00726318359375,40.80521774291992
-73.96903228759766,40.61785125732422
-73.75849151611328,40.70400619506836
-73.7516098022461,40.6904296875
-73.828125,40.8455924987793
-73.94815826416014,40.62835311889648
-73.90927124023438,40.812660217285156
-73.74720764160156,40.77042770385742
-73.95207977294923,40.6336326599121
-73.8174285888672,40.786869049072266
-73.88903045654298,40.68225479125977
-73.99705505371094,40.66150283813477
-74.04662322998048,40.896095275878906
-74.0359878540039,40.73347091674805
-73.88440704345702,40.64759826660156
-73.90035247802734,40.77416229248047
-73.87230682373048,40.83672332763672
-73.89047241210938,40.73448944091797
-74.08272552490234,40.82836532592773
-73.98126220703125,40.70220947265625
-73.7981948852539,40.72065353393555
-73.90265655517578,40.613319396972656
-73.82176971435547,40.70055389404297
-73.707763671875,40.727874755859375
-74.10543060302734,40.63404846191406
-73.69009399414062,40.70122146606445
-73.95716857910156,40.80979919433594
-73.9081802368164,40.62047576904297
-74.02549743652342,40.754642486572266
-73.73284912109375,40.69543075561523
-73.7156524658203,40.62898254394531
-73.92589569091797,40.60826110839844
-73.69733428955078,40.72166442871094
-73.99110412597656,40.83337020874024
-74.00467681884766,40.62781143188477
-73.95166015625,40.76647186279297
-73.93050384521484,40.66693115234375
-73.7483901977539,40.60224151611328
-74.01091003417969,40.64543151855469
-73.73177337646483,40.64946746826172
-73.7574691772461,40.74684143066406
-73.79551696777342,40.76000213623047
-73.78087615966798,40.75568008422852
-73.74367523193358,40.79626846313477
-73.99795532226562,40.59922409057617
-73.91329956054686,40.86054611206055
-73.89344787597656,40.71017837524415
-73.89374542236328,40.84760284423828
-73.9310531616211,40.73809814453125
-73.9779281616211,40.65087890625
-73.84982299804686,40.579856872558594
-73.8251953125,40.678707122802734
-73.7752227783203,40.71552658081055
-73.90005493164062,40.87677001953125
-73.81199645996094,40.748348236083984
-73.79790496826173,40.88874816894531
-73.86898040771484,40.70111083984375
-73.72928619384766,40.60955047607422
-73.89060974121094,40.8611717224121
-73.97911834716798,40.594402313232415
-73.92204284667969,40.846843719482415
-73.71660614013672,40.75004959106445
-73.85207366943358,40.696983337402344
-73.72994995117188,40.79901123046875
-73.91158294677734,40.76813125610352
-73.88570404052734,40.87704849243164
-74.04327392578125,40.78805541992188
-73.9581298828125,40.59801864624024
-73.99732208251955,40.573768615722656
-73.79522705078125,40.67723846435547
-73.7278823852539,40.64422225952149
-73.73329162597656,40.71348190307617
-73.8395233154297,40.68523025512695
-73.91238403320312,40.657241821289055
-73.95056915283203,40.65865707397461
-73.84346008300781,40.69981384277344
-73.87274932861328,40.67393112182617
-74.00179290771484,40.79134368896485
-73.96453857421875,40.63190841674805
-73.93128967285155,40.599609375
-73.77433013916014,40.76219177246094
-73.72152709960938,40.68224716186523
-73.77687072753906,40.6924934387207
-73.84871673583984,40.83298873901367
-73.95471954345702,40.57706832885742
-73.85155487060547,40.895904541015625
-73.7464828491211,40.68368911743164
-73.92997741699219,40.71836853027344
-73.9246368408203,40.6626205444336
-73.86421203613281,40.695613861083984
-73.97642517089844,40.89399337768555
-73.87963104248048,40.66312026977539
-73.9367904663086,40.70132064819336
-73.9922866821289,40.709678649902344
-73.76866149902342,40.68209838867188
-73.75605010986328,40.71140670776367
-73.80458068847656,40.674480438232415
-73.85752868652342,40.745521545410156
-73.82349395751955,40.83717346191406
-73.8998489379883,40.70354843139648
-74.00482177734375,40.87141799926758
-74.1429672241211,40.60498809814453
-73.72736358642578,40.68667984008789
-73.89562225341797,40.63103866577149
-73.79694366455078,40.707481384277344
-73.7257080078125,40.6275749206543
-73.93540954589844,40.64382934570313
-73.9081802368164,40.859130859375
-74.07196044921875,40.6086311340332
-73.73121643066406,40.74631881713867
-73.94251251220702,40.59850311279297
-73.9656982421875,40.583171844482415
-73.6928482055664,40.73217010498047
-73.78849029541014,40.700443267822266
-73.75111389160156,40.59709548950195
-73.85626983642578,40.66614151000977
-73.9190673828125,40.717506408691406
-73.9097671508789,40.84587097167969
-73.81114959716798,40.78953170776367
-73.91169738769531,40.880043029785156
-73.86982727050781,40.749778747558594
-73.83008575439453,40.87235641479492
-73.88625335693358,40.81500625610352
-73.89253234863281,40.64905166625977
-73.89828491210938,40.76063919067383
-74.0157699584961,40.63993835449219
-73.85816192626955,40.83023071289063
-73.89478302001955,40.81766128540039
-73.74465942382812,40.78157043457031
-73.80990600585938,40.816062927246094
-74.02772521972656,40.73965835571289
-73.93309783935547,40.74497985839844
-73.90138244628906,40.7323112487793
-73.97294616699219,40.78071975708008
-73.87957000732422,40.74348068237305
-73.7822265625,40.76764678955078
-73.74559783935547,40.76467895507813
-74.01799774169923,40.64783096313477
-74.00292205810547,40.62118911743164
-73.99324798583984,40.72955703735352
-74.06695556640625,40.85320663452149
-73.73829650878906,40.68704605102539
-73.74771118164062,40.805137634277344
-74.01783752441406,40.62070083618164
-73.72695922851562,40.67129135131836
-73.70030212402342,40.758060455322266
-73.99378967285155,40.66939163208008
-73.93279266357422,40.63725280761719
-73.89298248291014,40.76389694213867
-73.85391235351562,40.739662170410156
-73.98503875732422,40.88411712646485
-73.86917114257811,40.73417282104492
-73.8521499633789,40.708171844482415
-73.6959457397461,40.65358352661133
-74.11066436767578,40.83322525024415
-73.96304321289062,40.76540756225585
-73.94385528564453,40.6976432800293
-73.69924163818358,40.74641799926758
-73.9437942504883,40.73928833007813
-73.85157012939453,40.86530685424805
-73.72066497802734,40.83893966674805
-73.72044372558595,40.77276992797852
-73.8531265258789,40.81759643554688
-73.81737518310547,40.705562591552734
-73.69854736328125,40.73245620727539
-73.74298858642578,40.72225570678711
-73.80362701416014,40.71772766113281
-73.95704650878906,40.785118103027344
-73.787841796875,40.7126579284668
-73.82752990722656,40.823280334472656
-73.91928100585938,40.73564147949219
-73.85793304443358,40.811878204345696
-73.80950927734375,40.75408172607422
-73.94217681884766,40.70888900756836
-74.0895004272461,40.70410537719727
-73.748779296875,40.72333526611328
-73.8429946899414,40.903236389160156
-73.95068359375,40.72352600097656
-74.0130615234375,40.84978103637695
-73.87809753417969,40.73575973510742
-73.94941711425781,40.69238662719727
-73.85057830810547,40.84027099609375
-73.83006286621094,40.78963851928711
-73.88971710205078,40.69036865234375
-73.78965759277344,40.747047424316406
-73.7706069946289,40.91639709472656
-73.69001007080078,40.829902648925774
-73.72843170166014,40.80591583251953
-73.85858917236328,40.78550720214844
-73.71910858154298,40.65842819213867
-73.785400390625,40.731651306152344
-74.06668090820312,40.59215927124024
-73.83216857910156,40.69858169555664
-73.77811431884766,40.66943740844727
-73.85807800292969,40.84185028076172
-73.86051177978516,40.76013565063477
-73.78984069824219,40.65486145019531
-73.93660736083984,40.77386093139648
-73.94849395751955,40.58857727050781
-73.76793670654298,40.608741760253906
-73.88865661621094,40.84249496459961
-73.90581512451173,40.68810272216797
-74.0936279296875,40.82939910888672
-73.8631591796875,40.81410217285156
-73.92520141601562,40.59112930297852
-73.78730773925781,40.89094924926758
-73.89315032958984,40.69749069213867
-73.70600891113281,40.645820617675774
-74.02645111083984,40.61217880249024
-73.90287780761719,40.60594940185547
-73.71308135986328,40.75882339477539
-73.80951690673827,40.75916290283203
-73.9563980102539,40.68495178222656
-73.84197998046875,40.67072677612305
-73.73931121826173,40.63277816772461
-73.93898773193358,40.69135284423828
-74.17703247070312,40.61479949951172
-73.83433532714844,40.89898681640625
-73.93648529052734,40.622459411621094
-73.72615051269531,40.75627517700195
-73.83214569091797,40.83591842651367
-73.84327697753906,40.87679290771485
-74.16504669189453,40.7352409362793
-73.93641662597656,40.85744857788085
-73.91116333007811,40.828861236572266
-73.84980773925781,40.65981674194336
-73.83377075195312,40.65786743164063
-73.9052734375,40.8690299987793
-74.00165557861328,40.613197326660156
-73.7242202758789,40.73185729980469
-73.83796691894531,40.698490142822266
-73.71235656738281,40.69018173217773
-73.7010498046875,40.68260955810547
-73.77880859375,40.70207977294922
-73.8529281616211,40.68452835083008
-73.83429718017578,40.718841552734375
-73.92354583740234,40.84041976928711
-74.0780258178711,40.80540466308594
-73.96186065673827,40.87253189086913
-73.93985748291014,40.67779922485352
-73.91461181640625,40.811519622802734
-73.76618957519531,40.76519012451172
-73.86344146728516,40.868629455566406
-73.94754791259766,40.67951583862305
-73.8248748779297,40.774578094482415
-73.9203567504883,40.70507049560547
-73.80067443847656,40.75
-73.88349151611328,40.88301086425781
-73.82025909423827,40.7564811706543
-73.77666473388672,40.72613906860352
-73.69766998291014,40.76716613769531
-73.81068420410156,40.90959167480469
-73.86522674560547,40.83163070678711
-73.79142761230467,40.85592269897461
-73.95951080322266,40.58976364135742
-73.94561767578125,40.84176635742188
-73.80104064941406,40.66022872924805
-73.93235778808595,40.58409881591797
-73.74787139892578,40.66117858886719
-73.97522735595702,40.62902450561523
-73.95408630371094,40.81800842285156
-73.92486572265625,40.79168319702149
-73.76596069335938,40.70431137084961
-73.92240905761719,40.81819534301758
-73.86869049072266,40.82480239868164
-73.83131408691406,40.58147811889648
-73.88563537597656,40.716041564941406
-73.93344116210938,40.6166877746582
-74.15091705322266,40.60295867919922
-73.8015899658203,40.816162109375
-73.70655822753906,40.70451354980469
-73.81401062011719,40.69739151000977
-73.97315979003906,40.57706832885742
-73.73587799072266,40.66665267944336
-73.8426284790039,40.82380676269531
-73.93033599853516,40.66119384765625
-74.01673889160156,40.66555786132813
-73.7494888305664,40.666690826416016
-73.83798217773438,40.81852722167969
-73.71662139892578,40.79416275024415
-73.74700164794923,40.71097946166992
-73.9033203125,40.8123893737793
-73.90324401855469,40.68234634399415
-73.98177337646483,40.58406066894531
-73.77719116210938,40.7895622253418
-73.8694610595703,40.8165168762207
-73.8526382446289,40.78395080566406
-73.76409912109375,40.67593002319336
-74.0319061279297,40.76155090332031
-73.73490142822266,40.7081413269043
-73.7026138305664,40.77547836303711
-73.7384262084961,40.672401428222656
-73.88304138183594,40.87031555175781
-73.78089904785155,40.67538833618164
-73.89664459228516,40.66920852661133
-73.85016632080078,40.88197708129883
-73.84201049804686,40.89114379882813
-73.81939697265625,40.68104553222656
-73.75997924804686,40.60947799682617
-73.87550354003906,40.68632888793945
-73.93152618408203,40.78900146484375
-74.05024719238281,40.874271392822266
-73.8843765258789,40.84901428222656
-73.91165161132812,40.82281112670898
-73.9049072265625,40.88626098632813
-74.08614349365234,40.609230041503906
-73.82492828369139,40.788780212402344
-74.06632232666014,40.79832077026367
-73.85102844238281,40.6689338684082
-73.86951446533203,40.86016845703125
-73.7797317504883,40.660316467285156
-73.8626937866211,40.66841125488281
-74.00444030761719,40.64617156982422
-73.7903823852539,40.75284194946289
-73.74671936035155,40.73889923095703
-73.78922271728516,40.74184799194336
-73.96943664550781,40.90005111694336
-74.09886932373048,40.62097930908203
-73.78705596923827,40.84008026123047
-73.89784240722656,40.87152099609375
-73.73165130615234,40.77487182617188
-73.83351898193358,40.879112243652344
-73.80498504638672,40.81028366088867
-73.82190704345702,40.86702728271485
-74.12220001220702,40.65922164916992
-73.80050659179686,40.78736877441406
-74.17794036865234,40.69001770019531
-73.75025939941406,40.71749877929688
-73.92095184326173,40.62678146362305
-73.85314178466798,40.82732391357422
-73.78189086914062,40.75048065185547
-73.98873138427734,40.59759140014648
-73.98689270019531,40.67654037475585
-73.9049530029297,40.76079177856445
-74.0672607421875,40.73285675048828
-73.82816314697266,40.65428924560547
-73.91725158691406,40.55857467651367
-73.90463256835938,40.82875442504883
-73.84562683105469,40.794376373291016
-73.81803894042969,40.82404708862305
-73.70973205566406,40.71949005126953
-73.80085754394531,40.89719009399415
-73.88114166259766,40.700008392333984
-74.10389709472656,40.81147384643555
-73.77460479736328,40.5942268371582
-73.69889068603516,40.79172134399415
-73.73853302001955,40.72737503051758
-74.04999542236328,40.7290267944336
-73.97626495361328,40.60004806518555
-73.92534637451173,40.63212585449219
-73.90047454833984,40.84304428100585
-74.25369262695312,40.79550552368164
-73.82649993896483,40.667964935302734
-73.85679626464845,40.71808242797852
-73.8594741821289,40.702545166015625
-73.81105041503906,40.822566986083984
-73.7717514038086,40.662689208984375
-74.06401062011719,40.889324188232415
-74.08971405029298,40.571533203125
-73.8646011352539,40.68035888671875
-74.16436004638672,40.71238327026367
-73.88163757324219,40.75605773925781
-73.7291717529297,40.7078514099121
-73.98130798339844,40.61661911010742
-73.9628677368164,40.77080154418945
-73.83817291259766,40.85269165039063
-73.75811767578125,40.67520523071289
-73.8797149658203,40.83374786376953
-73.83654022216798,40.7876091003418
-73.89960479736328,40.77917861938477
-73.75344085693358,40.703914642333984
-73.99830627441406,40.74951171875
-73.94564056396483,40.758056640625
-73.9358673095703,40.8208122253418
-74.02391815185547,40.64519119262695
-73.94721984863281,40.8879508972168
-74.04263305664062,40.73067092895508
-74.0062255859375,40.65735626220703
-73.73906707763672,40.75305557250977
-74.02638244628906,40.748550415039055
-74.027099609375,40.61906433105469
-73.72572326660156,40.79225540161133
-74.21320343017578,40.80998229980469
-73.92528533935547,40.66875457763672
-73.87503051757811,40.91604995727539
-74.04315948486328,40.88391876220703
-73.70568084716798,40.75739288330078
-74.06678771972656,40.76076126098633
-73.89081573486328,40.8094482421875
-73.87209320068358,40.71883010864258
-73.85637664794923,40.874267578125
-73.69880676269531,40.71651077270508
-74.06216430664062,40.8715934753418
-74.06919860839844,40.6196403503418
-74.00900268554686,40.609580993652344
-73.87145233154298,40.896484375
-73.79792022705078,40.59886932373047
-74.01628875732422,40.85845565795898
-73.8460235595703,40.78152084350585
-73.86524963378906,40.70669174194336
-73.85037231445312,40.81110382080078
-74.17072296142578,40.709571838378906
-73.71613311767578,40.70137405395508
-73.9900665283203,40.6577262878418
-74.00251007080078,40.633167266845696
-73.76256561279298,40.7549934387207
-73.86432647705078,40.56977081298828
-73.80458068847656,40.90420150756836
-74.0159683227539,40.62602996826172
-73.86860656738281,40.6624870300293
-73.83040618896483,40.85530853271485
-74.0177230834961,40.674537658691406
-73.8104248046875,40.7115364074707
-73.91944885253906,40.86216735839844
-74.0813980102539,40.629791259765625
-73.8091812133789,40.65027236938477
-73.70294952392578,40.820068359375
-73.76726531982422,40.695892333984375
-73.86327362060547,40.82548141479492
-73.84494018554686,40.91538619995117
-73.7797317504883,40.76118850708008
-73.92761993408203,40.55397033691406
-73.81072235107422,40.89941787719727
-74.03269958496094,40.911598205566406
-73.93390655517578,40.8642692565918
-74.04655456542969,40.71517181396485
-74.07161712646483,40.79509735107422
-74.1618881225586,40.58992004394531
-73.90564727783203,40.713783264160156
-73.71791076660156,40.73321533203125
-73.86128234863281,40.90889358520508
-74.15372467041014,40.58708190917969
-73.99100494384766,40.61766052246094
-74.19995880126955,40.73441696166992
-73.80732727050781,40.58987426757813
-73.9445571899414,40.68642044067383
-73.75852203369139,40.65924835205078
-74.10723114013672,40.58417510986328
-74.03557586669923,40.741065979003906
-73.97648620605469,40.86033248901367
-73.89730834960938,40.89197540283203
-73.8619613647461,40.87370681762695
-74.08435821533203,40.645332336425774
-73.8445816040039,40.8652572631836
-73.86189270019531,40.88331985473633
-73.81157684326173,40.76601028442383
-73.69478607177734,40.75519180297852
-73.73340606689453,40.72001266479492
-73.93919372558595,40.78645324707031
-73.70849609375,40.785003662109375
-73.79005432128906,40.681251525878906
-73.86969757080078,40.681617736816406
-73.88048553466798,40.86196517944336
-73.70368957519531,40.735389709472656
-74.1883316040039,40.6909408569336
-73.98798370361328,40.59136962890625
-73.89352416992188,40.65922546386719
-73.9034652709961,40.91551971435547
-73.91917419433594,40.792728424072266
-73.80990600585938,40.675235748291016
-73.88378143310547,40.73720932006836
-73.8497085571289,40.690731048583984
-73.69861602783203,40.64198684692383
-73.84873962402342,40.84678268432617
-73.88766479492188,40.566253662109375
-74.05525970458984,40.88867568969727
-73.82575988769531,40.758460998535156
-74.18397521972656,40.69670867919922
-73.8761215209961,40.828041076660156
-73.84561157226562,40.78811645507813
-73.96322631835938,40.89096450805664
-73.88296508789062,40.67544937133789
-73.73582458496094,40.620960235595696
-73.74349975585938,40.63975143432617
-73.9576873779297,40.5845832824707
-74.0101089477539,40.73351287841797
-74.00165557861328,40.82810592651367
-73.93770599365234,40.62986755371094
-73.84757995605469,40.674713134765625
-74.01172637939453,40.89008331298828
-73.68792724609375,40.76214599609375
-73.73975372314453,40.61454772949219
-73.84796142578125,40.87052536010742
-74.00424194335938,40.578857421875
-73.84406280517578,40.57783126831055
-73.99227905273438,40.6770896911621
-73.99815368652342,40.79718017578125
-73.7005386352539,40.66334533691406
-73.71794128417969,40.688438415527344
-74.12728118896483,40.65495681762695
-73.8441390991211,40.88438034057617
-73.98404693603516,40.57828140258789
-74.03144836425781,40.7481803894043
-74.0924530029297,40.635475158691406
-73.81912231445312,40.584869384765625
-73.91728210449219,40.80393981933594
-73.79109191894531,40.70735549926758
-73.90592193603516,40.8041877746582
-74.09271240234375,40.64255142211913
-73.91287994384766,40.90412902832031
-73.7254180908203,40.69340133666992
-74.12081909179686,40.60415267944336
-73.69409942626955,40.80699157714844
-73.79724884033203,40.66548538208008
-73.92864990234375,40.80738830566406
-73.9232406616211,40.73054885864258
-73.85581970214845,40.88050079345703
-73.71536254882812,40.71894836425781
-73.79183197021484,40.806358337402344
-73.84085845947266,40.84545135498047
-74.05621337890625,40.73106002807617
-74.06037139892578,40.860111236572266
-73.8488540649414,40.85426330566406
-74.17247009277344,40.734764099121094
-74.0068130493164,40.74639892578125
-74.1141357421875,40.76166534423828
-73.72640228271484,40.73867416381836
-74.1002655029297,40.599369049072266
-73.7044677734375,40.69243240356445
-73.96244812011719,40.65781784057617
-73.87669372558594,40.7053108215332
-73.89601898193358,40.73431015014648
-73.9679946899414,40.60401153564453
-73.77339935302734,40.75123977661133
-73.88976287841797,40.914798736572266
-73.95626831054686,40.90507888793945
-74.01955413818358,40.883548736572266
-73.80335998535155,40.911128997802734
-74.15398406982422,40.815650939941406
-73.83670043945312,40.6668815612793
-74.11295318603516,40.8149299621582
-73.77578735351562,40.67609024047852
-73.8785171508789,40.64601516723633
-73.88814544677734,40.63487243652344
-73.71138763427734,40.84468078613281
-73.68752288818358,40.64807510375977
-73.72503662109375,40.58734130859375
-73.75154113769531,40.65541458129883
-73.92759704589844,40.62521743774415
-73.69139862060547,40.660736083984375
-74.10240936279298,40.60492706298828
-73.79718017578125,40.77848815917969
-73.69434356689453,40.67181396484375
-73.70525360107422,40.80413818359375
-73.88845825195312,40.823509216308594
-73.8062515258789,40.89232635498047
-73.7578125,40.59419250488281
-74.11446380615234,40.61600875854492
-73.91724395751955,40.889495849609375
-73.8514633178711,40.915138244628906
-73.95471954345702,40.64665985107422
-73.93118286132812,40.67945098876953
-74.1838150024414,40.701908111572266
-74.14885711669923,40.536296844482415
-73.92507934570312,40.55925750732422
-73.97620391845702,40.83347702026367
-73.9320068359375,40.63081741333008
-73.87883758544923,40.73036193847656
-73.70616149902342,40.58539962768555
-73.8849105834961,40.83089447021485
-73.7596206665039,40.669300079345696
-73.83067321777344,40.86153793334961
-73.771484375,40.71023941040039
-73.87946319580078,40.65802001953125
-73.91372680664062,40.7358283996582
-73.8416519165039,40.7623291015625
-73.73379516601562,40.740718841552734
-74.0734634399414,40.85012817382813
-73.72953796386719,40.66367721557617
-73.80612182617188,40.76578140258789
-73.98533630371094,40.83060836791992
-73.7537384033203,40.77039337158203
-73.83396911621094,40.91361999511719
-73.88349151611328,40.724773406982415
-73.81922912597656,40.77973175048828
-73.83763122558595,40.69131088256836
-73.98075103759766,40.904121398925774
-73.91207122802734,40.6497917175293
-73.83514404296875,40.764076232910156
-73.90917205810547,40.5984764099121
-73.77185821533203,40.70507049560547
-73.80699920654298,40.66248321533203
-73.85228729248048,40.90198135375977
-73.78404998779298,40.59778594970703
-73.77587127685547,40.683536529541016
-73.83677673339844,40.86989212036133
-73.90483856201173,40.66211700439453
-73.91629028320312,40.74087524414063
-73.86373901367188,40.86040115356445
-73.78292846679686,40.682861328125
-73.86705780029298,40.67350769042969
-73.74564361572266,40.69028091430664
-73.90779876708984,40.70703506469727
-73.75881958007811,40.60245132446289
-74.01438903808594,40.68186569213867
-73.8851089477539,40.662784576416016
-73.88059997558594,40.81232833862305
-73.82002258300781,40.8298225402832
-73.82579040527344,40.581787109375
-73.91114044189453,40.80542755126953
-73.84720611572266,40.6536865234375
-73.86753845214845,40.65406036376953
-73.74188232421875,40.7711181640625
-74.06658935546875,40.72375106811523
-73.8474884033203,40.81636428833008
-73.76731872558594,40.59671020507813
-73.92205047607422,40.852439880371094
-73.74270629882812,40.6601448059082
-73.78321075439453,40.775146484375
-73.7723388671875,40.90589141845703
-74.0158462524414,40.769203186035156
-74.2265625,40.81391143798828
-73.93438720703125,40.610652923583984
-73.85685729980467,40.84743881225585
-73.68614196777342,40.729316711425774
-74.06127166748048,40.722957611083984
-73.82041931152342,40.74333953857422
-73.75374603271484,40.60995864868164
-73.92998504638672,40.82677841186523
-73.76344299316406,40.68159866333008
-73.97423553466798,40.86735534667969
-73.88479614257811,40.804298400878906
-73.83529663085938,40.90692138671875
-73.83712005615234,40.82989883422852
-74.12007141113281,40.83743286132813
-74.25291442871094,40.61629867553711
-73.93283081054686,40.72549819946289
-73.8829345703125,40.915245056152344
-74.03189849853516,40.610923767089844
-73.83353424072266,40.78209686279297
-74.24826049804686,40.76948165893555
-73.7386245727539,40.69427490234375
-73.78952026367188,40.66836166381836
-73.68634796142578,40.79003143310547
-73.98458862304686,40.60309982299805
-74.16417694091797,40.53727722167969
-74.05108642578125,40.73500061035156
-73.85047912597656,40.80545043945313
-73.97998046875,40.82817459106445
-73.69642639160156,40.84469985961913
-73.81643676757811,40.795166015625
-73.74311828613281,40.71696853637695
-73.8152618408203,40.89203643798828
-73.86737060546875,40.846290588378906
-73.89976501464844,40.9020881652832
-73.7779769897461,40.899635314941406
-74.04376220703125,40.84296417236328
-73.92838287353516,40.64247131347656
-74.1307144165039,40.637733459472656
-73.95594024658203,40.698326110839844
-74.10812377929686,40.58933639526367
-73.81651306152342,40.86098861694336
-73.84803009033203,40.82564926147461
-73.69902801513672,40.82653427124024
-73.86006164550781,40.77791976928711
-73.89590454101562,40.83484649658203
-74.07736206054686,40.64184188842773
-74.10118865966798,40.90446853637695
-73.87619018554686,40.762290954589844
-73.71466827392578,40.7852783203125
-74.04094696044923,40.74897766113281
-73.68869018554686,40.83937454223633
-73.9103775024414,40.85395812988281
-73.81398773193358,40.584571838378906
-73.8978958129883,40.64695739746094
-73.70069885253906,40.83721160888672
-73.99008178710938,40.60520935058594
-73.74063873291014,40.80499649047852
-74.0308837890625,40.63061141967773
-74.02739715576173,40.89400100708008
-73.74419403076173,40.77630615234375
-74.19422149658203,40.67901611328125
-73.82466125488281,40.81528854370117
-74.17647552490234,40.66374588012695
-73.71266174316406,40.68510055541992
-73.7621536254883,40.698814392089844
-73.91373443603516,40.61648178100585
-74.04045104980467,40.62092971801758
-74.02225494384766,40.75971221923828
-73.8780517578125,40.8539924621582
-73.82793426513672,40.885902404785156
-73.7134780883789,40.67526245117188
-74.00384521484375,40.81074142456055
-73.9594497680664,40.79022979736328
-74.11711883544923,40.57623291015625
-73.7887191772461,40.90373229980469
-73.9449462890625,40.65547561645508
-73.89851379394531,40.89706039428711
-73.79581451416014,40.68255615234375
-73.84625244140625,40.89717483520508
-74.1934051513672,40.68673706054688
-73.72296905517578,40.75074005126953
-74.09490966796875,40.57510757446289
-73.90862274169923,40.73659133911133
-73.90695953369139,40.62997817993164
-74.01283264160156,40.79999923706055
-73.966552734375,40.86398696899415
-73.7666015625,40.89939880371094
-73.96256256103516,40.73257827758789
-73.9014892578125,40.86275100708008
-74.03849792480467,40.63153839111328
-74.1724624633789,40.54632186889648
-74.11647033691406,40.56351852416992
-73.93846130371094,40.9001350402832
-73.8546371459961,40.73455810546875
-74.13500213623048,40.85248947143555
-73.90100860595702,40.84849548339844
-74.09882354736328,40.67038345336913
-74.00019836425781,40.671058654785156
-74.04795837402342,40.764320373535156
-73.72137451171875,40.711692810058594
-73.98635864257811,40.63376998901367
-73.81591033935547,40.897136688232415
-73.73158264160156,40.76451110839844
-73.8006591796875,40.59312057495117
-74.21186065673827,40.84624862670898
-74.25503540039062,40.74985885620117
-73.87891387939453,40.77251052856445
-73.9254379272461,40.67998123168945
-74.06600952148438,40.59745788574219
-74.10689544677734,40.57757568359375
-74.0424270629883,40.73954772949219
-73.85028076171875,40.86007308959961
-74.14230346679686,40.76814270019531
-73.7138671875,40.77793884277344
-74.01595306396483,40.60630798339844
-74.0479507446289,40.75653076171875
-73.97021484375,40.91653823852539
-73.68608093261719,40.72031021118164
-74.02363586425781,40.62457275390625
-73.91703033447266,40.63880920410156
-73.85424041748048,40.773414611816406
-73.68761444091797,40.67399597167969
-73.81376647949219,40.683418273925774
-74.23902893066406,40.52396011352539
-74.04283905029298,40.708892822265625
-73.79518127441406,40.64466857910156
-74.16548156738281,40.60411834716797
-73.94090270996094,40.5788459777832
-74.12212371826173,40.5772705078125
-73.91475677490234,40.723052978515625
-74.16218566894531,40.58452224731445
-73.87404632568358,40.656585693359375
-73.9002227783203,40.67667007446289
-73.84568786621094,40.76744842529297
-73.7725830078125,40.698429107666016
-74.14384460449219,40.76041030883789
-73.789306640625,40.694011688232415
-74.14891052246094,40.807960510253906
-73.79470825195312,40.90139770507813
-74.01053619384766,40.62221908569336
-73.85730743408203,40.89334106445313
-73.76708984375,40.715274810791016
-73.72076416015625,40.75822067260742
-73.92191314697266,40.61745071411133
-73.99114990234375,40.880943298339844
-74.093017578125,40.58415603637695
-73.80380249023438,40.72300720214844
-73.8998794555664,40.82023620605469
-74.01251983642578,40.61531448364258
-73.68782806396483,40.71244812011719
-73.71966552734375,40.69538497924805
-74.02532958984375,40.780433654785156
-73.77751159667969,40.70909881591797
-73.8221664428711,40.90507888793945
-73.8453826904297,40.74140930175781
-74.0490951538086,40.75080490112305
-73.90425872802734,40.72542190551758
-73.80899810791014,40.87359619140625
-73.74781799316406,40.75426864624024
-73.85660552978516,40.86296463012695
-74.0020751953125,40.8520393371582
-73.74110412597656,40.65249633789063
-73.91498565673827,40.628211975097656
-73.68859100341797,40.68750762939453
-73.96601867675781,40.8447380065918
-73.71680450439453,40.66945266723633
-73.68649291992188,40.7382926940918
-73.90646362304686,40.67229843139648
-73.77000427246094,40.77603149414063
-73.85737609863281,40.916053771972656
-74.14300537109375,40.58914566040039
-73.92772674560547,40.82064056396485
-73.71493530273438,40.709739685058594
-73.8549575805664,40.660831451416016
-73.91864013671875,40.65984725952149
-73.95122528076173,40.61650848388672
-74.06629943847656,40.84197998046875
-73.69484710693358,40.585609436035156
-73.78810882568358,40.85063171386719
-73.69189453125,40.6941032409668
-73.83870697021484,40.675872802734375
-73.75505828857422,40.75362777709961
-73.76563262939453,40.655139923095696
-74.22270965576173,40.66371536254883
-73.70877075195312,40.798805236816406
-74.18404388427734,40.72175216674805
-73.94245910644531,40.73210144042969
-74.18269348144531,40.67306137084961
-74.13832092285155,40.576438903808594
-73.90533447265625,40.87984848022461
-73.92046356201173,40.7515983581543
-73.69959259033203,40.72682189941406
-73.94368743896483,40.649578094482415
-73.97193145751955,40.58477783203125
-73.92010498046875,40.72282791137695
-74.02465057373048,40.85383987426758
-74.01771545410156,40.70413589477539
-74.22377014160156,40.59498977661133
-74.01184844970702,40.7598762512207
-73.86614227294923,40.898380279541016
-73.81073760986328,40.915016174316406
-74.05976104736328,40.60892105102539
-73.73890686035155,40.68077087402344
-73.85012054443358,40.87635040283203
-73.8150405883789,40.67580032348633
-73.84500885009766,40.84040451049805
-73.8896942138672,40.67390823364258
-73.83628845214845,40.73432159423828
-74.16373443603516,40.55442810058594
-73.82295989990234,40.60186767578125
-73.96377563476562,40.59656524658203
-73.88654327392578,40.76729965209961
-74.14177703857422,40.63280487060547
-74.10955810546875,40.57041931152344
-73.69029998779298,40.74824142456055
-74.04786682128906,40.78176879882813
-73.73499298095702,40.58734130859375
-74.22098541259766,40.89175415039063
-74.15662384033203,40.74017333984375
-74.06549835205078,40.73807907104492
-73.8510208129883,40.89059066772461
-73.76409149169923,40.73424911499024
-73.82767486572266,40.89416122436523
-73.79428100585938,40.78989028930664
-74.04783630371094,40.74474716186523
-74.15234375,40.63593673706055
-73.8395004272461,40.74309921264648
-73.7248306274414,40.74407577514648
-74.01654052734375,40.785682678222656
-74.10722351074219,40.64113998413085
-73.7083740234375,40.7759895324707
-73.82151794433594,40.768951416015625
-73.78282928466798,40.84645080566406
-73.99290466308595,40.80294418334961
-74.17733764648438,40.711185455322266
-74.05299377441406,40.75873565673828
-73.87789916992188,40.870429992675774
-74.17475128173827,40.83610916137695
-73.92758178710938,40.74622344970703
-73.94400787353516,40.8941764831543
-73.72781372070312,40.781700134277344
-74.11517333984375,40.77100372314453
-74.0228042602539,40.78647232055664
-73.91899871826173,40.82853698730469
-74.01142120361328,40.66587448120117
-73.99714660644531,40.620548248291016
-73.6982421875,40.7846908569336
-74.12963104248048,40.89985656738281
-73.82805633544923,40.90137100219727
-74.24502563476562,40.51533508300781
-74.08224487304686,40.61693572998047
-73.99475860595702,40.59383010864258
-73.92738342285155,40.654052734375
-74.0040512084961,40.88960647583008
-74.00540924072266,40.79843521118164
-73.8740234375,40.666690826416016
-73.71285247802734,40.72837829589844
-74.085205078125,40.71265411376953
-74.05845642089844,40.73849105834961
-73.913330078125,40.71493148803711
-73.70289611816406,40.84675979614258
-73.99015045166014,40.85468673706055
-74.04595184326173,40.72233963012695
-73.79715728759766,40.90939331054688
-73.8116683959961,40.65700912475585
-73.9374771118164,40.60233688354492
-73.96996307373048,40.90896987915039
-73.97692108154298,40.8442497253418
-73.93368530273438,40.80302429199219
-73.89075469970702,40.728431701660156
-74.02354431152342,40.65037536621094
-73.8730926513672,40.784156799316406
-74.08369445800781,40.76416015625
-74.18463134765625,40.56319046020508
-73.6961441040039,40.689048767089844
-74.24577331542969,40.89353942871094
-74.24161529541014,40.50452423095703
-73.72295379638672,40.806541442871094
-74.19056701660156,40.5867919921875
-73.9810791015625,40.87289810180664
-73.7481689453125,40.626991271972656
-73.751953125,40.73694229125977
-74.05418395996094,40.85367202758789
-73.82840728759766,40.7164192199707
-73.69271087646483,40.62580490112305
-74.05477905273438,40.74644470214844
-74.01941680908203,40.77973937988281
-73.9334487915039,40.83845520019531
-73.88363647460938,40.8418083190918
-73.83664703369139,40.57796478271485
-74.15655517578125,40.71009826660156
-73.76296997070312,40.746360778808594
-74.11863708496094,40.641197204589844
-74.19052124023438,40.53010940551758
-73.92003631591797,40.71113204956055
-74.08173370361328,40.676284790039055
-73.93531799316406,40.82829666137695
-73.8975067138672,40.59011840820313
-74.10847473144531,40.62653732299805
-73.95543670654298,40.883392333984375
-74.08308410644531,40.60360336303711
-73.89042663574219,40.74085998535156
-73.870361328125,40.865970611572266
-73.99638366699219,40.61267852783203
-74.16441345214845,40.61234664916992
-73.85292053222656,40.57270050048828
-74.15149688720702,40.75926971435547
-74.0766372680664,40.6220703125
-73.75153350830078,40.76353073120117
-73.74360656738281,40.6675910949707
-73.76495361328125,40.667728424072266
-74.19615173339844,40.5420036315918
-74.05625915527342,40.78972244262695
-73.88390350341797,40.62905502319336
-73.89231872558594,40.717140197753906
-74.11496734619139,40.62692642211913
-74.13742065429686,40.88228988647461
-74.01287078857422,40.87799072265625
-73.76058197021484,40.767253875732415
-73.91191101074219,40.560951232910156
-73.70932006835938,40.74776077270508
-73.69695281982422,40.70185852050781
-74.15132141113281,40.78898239135742
-74.09161376953125,40.59484100341797
-74.16593933105469,40.88739776611328
-73.86185455322266,40.66188049316406
-73.72093963623048,40.61101913452149
-73.73236846923827,40.68513870239258
-73.79010772705078,40.909568786621094
-73.87999725341797,40.907470703125
-74.0183868408203,40.86936950683594
-74.21826934814453,40.81603240966797
-74.02217102050781,40.71572494506836
-74.0934295654297,40.69892120361328
-73.70259857177734,40.811710357666016
-74.04093933105469,40.77415084838867
-73.72674560546875,40.6787338256836
-73.81483459472656,40.82948684692383
-74.02446746826173,40.60565185546875
-73.69194793701173,40.741493225097656
-73.87098693847656,40.83076477050781
-74.06900787353516,40.61394882202149
-73.8733901977539,40.80990982055664
-74.1512222290039,40.561073303222656
-73.97293090820312,40.882972717285156
-73.73116302490234,40.75928115844727
-73.798583984375,40.58810043334961
-74.13057708740234,40.60395050048828
-74.026123046875,40.87712860107422
-73.74835968017578,40.70544815063477
-74.14076232910156,40.55690002441406
-73.70426940917969,40.75161743164063
-74.15684509277344,40.8955192565918
-74.10404968261719,40.72816848754883
-74.17528533935547,40.606422424316406
-74.11333465576173,40.89334106445313
-73.87785339355469,40.67380142211913
-73.74148559570312,40.75851058959961
-73.70249938964845,40.62080764770508
-73.73373413085938,40.80881118774415
-74.10092163085938,40.58470153808594
-74.0238265991211,40.79713821411133
-73.94307708740234,40.64450073242188
-74.14691162109375,40.85686874389648
-73.8050079345703,40.79351425170898
-73.80247497558594,40.68162536621094
-73.70233154296875,40.6560935974121
-73.92930603027344,40.845985412597656
-73.72150421142578,40.82061767578125
-73.93348693847656,40.59249877929688
-73.98262023925781,40.85371017456055
-74.10924530029298,40.68536376953125
-74.09529113769531,40.88876724243164
-73.9705352783203,40.87428665161133
-73.92913055419923,40.78300476074219
-73.68623352050781,40.75369262695313
-74.05457305908203,40.72272872924805
-73.68911743164062,40.58440780639648
-74.16372680664062,40.576271057128906
-73.78791046142578,40.768287658691406
-74.04074096679686,40.75489044189453
-74.1673126220703,40.5947494506836
-74.04949188232422,40.79050827026367
-74.21369171142578,40.83794021606445
-73.68888092041014,40.80302429199219
-73.82260131835938,40.842472076416016
-73.73308563232422,40.70174026489258
-74.1711196899414,40.67766952514648
-74.0260467529297,40.765640258789055
-73.68844604492188,40.66805648803711
-74.24095916748048,40.76432800292969
-74.07373046875,40.72243118286133
-74.03009796142578,40.771263122558594
-73.77637481689453,40.72066116333008
-74.20497131347656,40.8155403137207
-73.7530288696289,40.80952835083008
-73.74707794189453,40.62028884887695
-73.72006225585938,40.81311416625977
-74.0735855102539,40.59705352783203
-73.98586273193358,40.825531005859375
-73.96351623535155,40.78214645385742
-73.70931243896483,40.62471008300781
-73.90921783447266,40.58799743652344
-74.08712768554686,40.79084396362305
-73.8397216796875,40.77304458618164
-73.99784088134766,40.81679153442383
-73.91779327392578,40.73064041137695
-73.76420593261719,40.72517013549805
-73.8112030029297,40.716896057128906
-74.04073333740234,40.5987663269043
-74.10334014892578,40.84392166137695
-73.87447357177734,40.696720123291016
-74.17034912109375,40.558269500732415
-73.87139129638672,40.70673751831055
-73.76107025146483,40.80870056152344
-73.841796875,40.87030029296875
-74.18563079833984,40.54957962036133
-73.73889923095702,40.735740661621094
-74.150146484375,40.82231903076172
-73.8148880004883,40.75631713867188
-73.69483184814453,40.82035827636719
-73.83438873291014,40.88455200195313
-73.7123794555664,40.69606399536133
-73.70835876464844,40.67691421508789
-73.9101333618164,40.78232192993164
-74.17752838134766,40.548439025878906
-73.70664978027342,40.71162033081055
-74.12129211425781,40.63490295410156
-73.96551513671875,40.74691009521485
-74.01349639892578,40.65703201293945
-73.78370666503906,40.68978118896485
-74.06900787353516,40.82150268554688
-74.09291076660156,40.61272048950195
-73.73918151855469,40.76372909545898
-74.0564727783203,40.697578430175774
-73.80413055419923,40.91656875610352
-73.9463348388672,40.850318908691406
-73.9042739868164,40.63876724243164
-73.873779296875,40.84683609008789
-74.0121536254883,40.77640914916992
-74.01561737060547,40.7231559753418
-73.9781723022461,40.80556869506836
-73.69441986083984,40.761878967285156
-73.78912353515625,40.66296768188477
-74.03913116455078,40.797401428222656
-74.00308227539062,40.76645278930664
-73.92692565917969,40.71234893798828
-73.88349151611328,40.77996063232422
-74.09625244140625,40.82114028930664
-74.0668411254883,40.76662063598633
