Date,Time,Total_trips_from_LGA,Total_trips_to_LGA,5min_saved_time_pickup,5min_saved_rides_pickup,5min_saved_time_dropoff,5min_saved_rides_dropoff,5min_av_per_saved_time_pickup,5min_av_per_saved_rides_pickup,5min_av_per_saved_time_dropoff,5min_av_per_saved_rides_dropoff,5min_av_computation_time_pickup,5min_av_computation_time_dropoff,10min_saved_time_pickup,10min_saved_rides_pickup,10min_saved_time_dropoff,10min_saved_rides_dropoff,10min_av_per_saved_time_pickup,10min_av_per_saved_rides_pickup,10min_av_per_saved_time_dropoff,10min_av_per_saved_rides_dropoff,10min_av_computation_time_pickup,10min_av_computation_time_dropoff
2015-07-01,00:00:00,7798,5408,26672.0000,3071,19022.0000,2105,0.3044,0.3938,0.3172,0.3892,0.0143,0.0101,29094.0000,3342,20871.0000,2311,0.3321,0.4286,0.3481,0.4273,0.0376,0.0232
2015-07-02,00:00:00,8058,5986,27363.0000,3166,21478.0000,2364,0.3021,0.3929,0.3213,0.3949,0.0152,0.0109,29780.0000,3450,22953.0000,2541,0.3288,0.4281,0.3433,0.4245,0.0413,0.0262
2015-07-03,00:00:00,5111,3610,15600.0000,1852,11455.0000,1287,0.2739,0.3624,0.2880,0.3565,0.0103,0.0077,17658.0000,2089,12855.0000,1456,0.3101,0.4087,0.3232,0.4033,0.0201,0.0130
2015-07-04,00:00:00,3435,1726,9178.0000,1105,4278.0000,489,0.2390,0.3217,0.2295,0.2833,0.0093,0.0054,10881.0000,1312,5284.0000,606,0.2833,0.3820,0.2835,0.3511,0.0128,0.0074
2015-07-05,00:00:00,10525,4254,36362.0000,4315,14035.0000,1579,0.3072,0.4100,0.3024,0.3712,0.0226,0.0082,39282.0000,4657,15522.0000,1755,0.3319,0.4425,0.3345,0.4126,0.0912,0.0149
2015-07-06,00:00:00,12072,4049,43588.0000,5011,13073.0000,1475,0.3176,0.4151,0.2968,0.3643,0.0237,0.0078,46687.0000,5372,14578.0000,1643,0.3401,0.4450,0.3309,0.4058,0.1009,0.0157
2015-07-07,00:00:00,9813,3847,34788.0000,4018,12458.0000,1397,0.3142,0.4095,0.2967,0.3631,0.0215,0.0081,37274.0000,4327,13793.0000,1558,0.3366,0.4409,0.3285,0.4050,0.0714,0.0145
2015-07-08,00:00:00,8866,4021,31269.0000,3594,13468.0000,1475,0.3119,0.4054,0.3012,0.3668,0.0166,0.0083,33704.0000,3870,14953.0000,1641,0.3362,0.4365,0.3344,0.4081,0.0541,0.0147
2015-07-09,00:00:00,8568,5098,29680.0000,3414,17731.0000,1951,0.3106,0.3985,0.3148,0.3827,0.0158,0.0095,32254.0000,3717,19659.0000,2146,0.3376,0.4338,0.3490,0.4209,0.0462,0.0217
2015-07-10,00:00:00,9350,5335,31682.0000,3741,18774.0000,2071,0.3033,0.4001,0.3193,0.3882,0.0169,0.0097,34206.0000,4047,20404.0000,2255,0.3275,0.4328,0.3470,0.4227,0.0535,0.0213
2015-07-11,00:00:00,4740,2612,14306.0000,1692,7771.0000,892,0.2698,0.3570,0.2728,0.3415,0.0093,0.0062,16023.0000,1888,8896.0000,1011,0.3022,0.3983,0.3123,0.3871,0.0178,0.0094
2015-07-12,00:00:00,9738,4729,34132.0000,3949,16015.0000,1795,0.3107,0.4055,0.3100,0.3796,0.0190,0.0088,36833.0000,4267,17804.0000,1994,0.3352,0.4382,0.3447,0.4217,0.0707,0.0181
2015-07-13,00:00:00,10606,4610,38817.0000,4425,16091.0000,1757,0.3231,0.4172,0.3130,0.3811,0.0206,0.0087,41595.0000,4750,17740.0000,1928,0.3462,0.4479,0.3451,0.4182,0.0793,0.0174
2015-07-14,00:00:00,9036,4120,32109.0000,3694,13766.0000,1518,0.3153,0.4088,0.3052,0.3684,0.0173,0.0078,34612.0000,3974,15308.0000,1680,0.3399,0.4398,0.3394,0.4078,0.0595,0.0198
2015-07-15,00:00:00,10075,4782,35169.0000,4071,16366.0000,1815,0.3115,0.4041,0.3112,0.3795,0.0194,0.0097,38443.0000,4429,18082.0000,1988,0.3405,0.4396,0.3438,0.4157,0.0669,0.0174
2015-07-16,00:00:00,10298,5818,36454.0000,4204,20978.0000,2282,0.3172,0.4082,0.3258,0.3922,0.0204,0.0112,39211.0000,4532,22804.0000,2484,0.3412,0.4401,0.3542,0.4270,0.0718,0.0265
2015-07-17,00:00:00,8805,5766,30461.0000,3515,20361.0000,2264,0.3089,0.3992,0.3171,0.3926,0.0157,0.0102,33212.0000,3829,22293.0000,2469,0.3368,0.4349,0.3472,0.4282,0.0485,0.0249
2015-07-18,00:00:00,4966,2716,14836.0000,1750,7858.0000,888,0.2679,0.3524,0.2674,0.3270,0.0098,0.0066,16787.0000,1986,9047.0000,1028,0.3031,0.3999,0.3079,0.3785,0.0192,0.0096
2015-07-19,00:00:00,10017,5304,34754.0000,4086,18240.0000,2039,0.3089,0.4079,0.3142,0.3844,0.0197,0.0096,37588.0000,4413,19922.0000,2224,0.3341,0.4406,0.3431,0.4193,0.0771,0.0210
2015-07-20,00:00:00,11707,4994,43191.0000,4941,17370.0000,1925,0.3253,0.4221,0.3148,0.3855,0.0231,0.0091,45982.0000,5268,19071.0000,2101,0.3463,0.4500,0.3456,0.4207,0.0959,0.0192
2015-07-21,00:00:00,8839,4403,31550.0000,3573,15053.0000,1666,0.3159,0.4042,0.3116,0.3784,0.0174,0.0083,34055.0000,3861,16429.0000,1815,0.3410,0.4368,0.3401,0.4122,0.0593,0.0165
2015-07-22,00:00:00,9767,5015,34563.0000,3948,17392.0000,1927,0.3141,0.4042,0.3160,0.3842,0.0203,0.0092,37420.0000,4287,18914.0000,2094,0.3401,0.4389,0.3437,0.4175,0.0573,0.0201
2015-07-23,00:00:00,9606,5640,34381.0000,3934,20419.0000,2213,0.3172,0.4095,0.3226,0.3924,0.0183,0.0102,36984.0000,4234,22316.0000,2409,0.3412,0.4408,0.3526,0.4271,0.0657,0.0257
2015-07-24,00:00:00,8369,5652,28349.0000,3275,19828.0000,2185,0.3027,0.3913,0.3181,0.3866,0.0151,0.0100,30860.0000,3578,21734.0000,2396,0.3295,0.4275,0.3487,0.4239,0.0433,0.0240
2015-07-25,00:00:00,5011,2925,15236.0000,1791,8909.0000,1006,0.2713,0.3574,0.2786,0.3439,0.0096,0.0065,17284.0000,2020,10264.0000,1153,0.3078,0.4031,0.3210,0.3942,0.0192,0.0101
2015-07-26,00:00:00,10029,4687,34945.0000,4056,15512.0000,1744,0.3085,0.4044,0.3052,0.3721,0.0193,0.0088,37726.0000,4398,17460.0000,1941,0.3331,0.4385,0.3435,0.4141,0.0727,0.0172
2015-07-27,00:00:00,11264,4897,41256.0000,4717,17166.0000,1893,0.3242,0.4188,0.3178,0.3866,0.0233,0.0091,43962.0000,5028,18654.0000,2060,0.3455,0.4464,0.3453,0.4207,0.0929,0.0240
2015-07-28,00:00:00,9147,4577,32041.0000,3684,15778.0000,1746,0.3126,0.4028,0.3135,0.3815,0.0182,0.0096,34887.0000,4001,17325.0000,1912,0.3404,0.4374,0.3442,0.4177,0.0617,0.0176
2015-07-29,00:00:00,9138,4824,32679.0000,3714,17018.0000,1870,0.3167,0.4064,0.3173,0.3876,0.0170,0.0092,35236.0000,4019,18711.0000,2045,0.3415,0.4398,0.3489,0.4239,0.0549,0.0190
2015-07-30,00:00:00,8678,5237,30346.0000,3509,18257.0000,1999,0.3135,0.4044,0.3151,0.3817,0.0161,0.0094,32719.0000,3789,20022.0000,2192,0.3381,0.4366,0.3456,0.4186,0.0518,0.0213
2015-07-31,00:00:00,10275,6195,35484.0000,4118,22046.0000,2442,0.3080,0.4008,0.3211,0.3942,0.0188,0.0109,38385.0000,4461,23908.0000,2633,0.3332,0.4342,0.3482,0.4250,0.0618,0.0276
2015-08-01,00:00:00,5622,2796,17884.0000,2090,8183.0000,938,0.2852,0.3718,0.2720,0.3355,0.0107,0.0065,19766.0000,2307,9349.0000,1072,0.3152,0.4104,0.3107,0.3834,0.0232,0.0100
2015-08-02,00:00:00,10282,4499,36139.0000,4208,15152.0000,1695,0.3112,0.4093,0.3099,0.3768,0.0203,0.0084,39161.0000,4546,16965.0000,1887,0.3372,0.4421,0.3470,0.4194,0.0776,0.0168
2015-08-03,00:00:00,11298,4603,41463.0000,4735,15521.0000,1738,0.3245,0.4191,0.3063,0.3776,0.0223,0.0086,44197.0000,5053,17224.0000,1925,0.3459,0.4472,0.3399,0.4182,0.0892,0.0169
2015-08-04,00:00:00,9373,4402,33567.0000,3845,15297.0000,1675,0.3161,0.4102,0.3131,0.3805,0.0179,0.0085,35813.0000,4112,16635.0000,1825,0.3372,0.4387,0.3405,0.4146,0.0586,0.0165
2015-08-05,00:00:00,9107,4942,32668.0000,3695,17382.0000,1921,0.3167,0.4057,0.3176,0.3887,0.0169,0.0091,35250.0000,3980,19065.0000,2101,0.3418,0.4370,0.3484,0.4251,0.0516,0.0196
2015-08-06,00:00:00,9545,5688,34012.0000,3915,20883.0000,2272,0.3178,0.4102,0.3289,0.3994,0.0178,0.0102,36556.0000,4202,22508.0000,2450,0.3416,0.4402,0.3545,0.4307,0.0633,0.0255
2015-08-07,00:00:00,8600,5502,28930.0000,3384,19458.0000,2135,0.3021,0.3935,0.3176,0.3880,0.0153,0.0098,31604.0000,3705,21396.0000,2336,0.3301,0.4308,0.3492,0.4246,0.0441,0.0226
2015-08-08,00:00:00,4724,2958,13732.0000,1629,8912.0000,994,0.2596,0.3448,0.2776,0.3360,0.0093,0.0067,15773.0000,1873,10136.0000,1133,0.2982,0.3965,0.3157,0.3830,0.0178,0.0100
2015-08-09,00:00:00,9908,4600,34355.0000,4020,15472.0000,1722,0.3077,0.4057,0.3078,0.3743,0.0197,0.0085,37075.0000,4359,17252.0000,1910,0.3321,0.4399,0.3432,0.4152,0.0756,0.0171
2015-08-10,00:00:00,10673,4546,38727.0000,4412,15558.0000,1734,0.3181,0.4134,0.3121,0.3814,0.0205,0.0084,41695.0000,4759,17141.0000,1904,0.3424,0.4459,0.3438,0.4188,0.0769,0.0168
2015-08-11,00:00:00,8860,4066,30980.0000,3566,13629.0000,1482,0.3120,0.4025,0.3035,0.3645,0.0192,0.0078,33165.0000,3840,15381.0000,1664,0.3340,0.4334,0.3426,0.4092,0.0537,0.0140
2015-08-12,00:00:00,9694,4740,33945.0000,3929,16578.0000,1812,0.3116,0.4053,0.3141,0.3823,0.0176,0.0088,36484.0000,4246,18141.0000,1987,0.3350,0.4380,0.3437,0.4192,0.0582,0.0181
2015-08-13,00:00:00,9379,5170,33548.0000,3822,18586.0000,2018,0.3157,0.4075,0.3228,0.3903,0.0173,0.0094,36299.0000,4112,20179.0000,2191,0.3416,0.4384,0.3505,0.4238,0.0552,0.0220
2015-08-14,00:00:00,8621,5196,29669.0000,3430,17929.0000,1982,0.3069,0.3979,0.3117,0.3814,0.0155,0.0094,32071.0000,3715,19886.0000,2196,0.3317,0.4309,0.3458,0.4226,0.0451,0.0206
2015-08-15,00:00:00,5253,2623,16543.0000,1958,7513.0000,852,0.2823,0.3727,0.2647,0.3248,0.0102,0.0061,18280.0000,2160,8706.0000,984,0.3119,0.4112,0.3068,0.3751,0.0215,0.0096
2015-08-16,00:00:00,9934,4135,34089.0000,4022,13752.0000,1533,0.3049,0.4049,0.3043,0.3707,0.0193,0.0078,36998.0000,4357,15444.0000,1712,0.3309,0.4386,0.3417,0.4140,0.0690,0.0144
2015-08-17,00:00:00,10819,4288,38650.0000,4452,14268.0000,1593,0.3175,0.4115,0.3043,0.3715,0.0215,0.0081,41394.0000,4785,15936.0000,1778,0.3400,0.4423,0.3399,0.4146,0.0768,0.0155
2015-08-18,00:00:00,9096,4236,31736.0000,3670,14282.0000,1583,0.3088,0.4035,0.3042,0.3737,0.0168,0.0083,34344.0000,3970,15981.0000,1770,0.3342,0.4365,0.3403,0.4178,0.0511,0.0156
2015-08-19,00:00:00,8960,4838,31207.0000,3616,17045.0000,1878,0.3107,0.4036,0.3190,0.3882,0.0165,0.0091,33840.0000,3912,18639.0000,2052,0.3369,0.4366,0.3488,0.4241,0.0517,0.0241
2015-08-20,00:00:00,8936,4861,30490.0000,3551,16914.0000,1854,0.3056,0.3974,0.3153,0.3814,0.0165,0.0094,33215.0000,3870,18622.0000,2049,0.3330,0.4331,0.3472,0.4215,0.0555,0.0192
2015-08-21,00:00:00,10899,5431,37174.0000,4372,19274.0000,2114,0.3034,0.4011,0.3204,0.3892,0.0196,0.0097,40485.0000,4747,20985.0000,2302,0.3304,0.4355,0.3488,0.4239,0.0643,0.0221
2015-08-22,00:00:00,4765,2373,13781.0000,1676,6722.0000,762,0.2587,0.3517,0.2609,0.3211,0.0102,0.0061,15841.0000,1913,7801.0000,881,0.2974,0.4015,0.3028,0.3713,0.0179,0.0089
2015-08-23,00:00:00,9727,4495,33417.0000,3925,15381.0000,1707,0.3055,0.4035,0.3132,0.3798,0.0199,0.0100,36201.0000,4241,16856.0000,1873,0.3310,0.4360,0.3432,0.4167,0.0687,0.0163
2015-08-24,00:00:00,10668,4060,38461.0000,4417,13305.0000,1500,0.3183,0.4140,0.3011,0.3695,0.0202,0.0077,40737.0000,4703,14571.0000,1647,0.3371,0.4409,0.3298,0.4057,0.0739,0.0146
2015-08-25,00:00:00,9371,3432,32510.0000,3786,11209.0000,1236,0.3072,0.4040,0.2969,0.3601,0.0221,0.0123,35412.0000,4117,12426.0000,1376,0.3347,0.4393,0.3291,0.4009,0.0819,0.0180
2015-08-26,00:00:00,8954,3842,31315.0000,3621,13082.0000,1426,0.3092,0.4044,0.3077,0.3712,0.0274,0.0320,33902.0000,3927,14527.0000,1578,0.3347,0.4386,0.3417,0.4107,0.0858,0.0233
2015-08-27,00:00:00,9611,4884,33245.0000,3889,17332.0000,1885,0.3086,0.4046,0.3169,0.3860,0.0297,0.0160,35951.0000,4217,18987.0000,2066,0.3337,0.4388,0.3471,0.4230,0.0856,0.0298
2015-08-28,00:00:00,9084,4654,30994.0000,3648,16295.0000,1792,0.3061,0.4016,0.3160,0.3850,0.0288,0.0165,33517.0000,3959,17726.0000,1948,0.3310,0.4358,0.3438,0.4186,0.0760,0.0283
2015-08-29,00:00:00,5222,2097,15976.0000,1883,5625.0000,645,0.2709,0.3606,0.2469,0.3076,0.0180,0.0114,17938.0000,2118,6761.0000,770,0.3041,0.4056,0.2968,0.3672,0.0337,0.0146
2015-08-30,00:00:00,10022,4032,34652.0000,4068,12892.0000,1467,0.3065,0.4059,0.2950,0.3638,0.0325,0.0138,37617.0000,4408,14586.0000,1642,0.3327,0.4398,0.3338,0.4072,0.1081,0.0243
2015-08-31,00:00:00,10716,3707,37979.0000,4402,12247.0000,1345,0.3126,0.4108,0.3008,0.3628,0.0336,0.0136,40850.0000,4744,13691.0000,1509,0.3362,0.4427,0.3362,0.4071,0.1113,0.0269
2015-09-01,00:00:00,9355,3862,33204.0000,3808,13215.0000,1448,0.3128,0.4071,0.3114,0.3749,0.0293,0.0133,35871.0000,4101,14592.0000,1597,0.3379,0.4384,0.3439,0.4135,0.0834,0.0236
2015-09-02,00:00:00,8970,4451,31560.0000,3628,15607.0000,1710,0.3121,0.4045,0.3156,0.3842,0.0281,0.0140,34109.0000,3930,17145.0000,1866,0.3373,0.4381,0.3467,0.4192,0.0757,0.0294
2015-09-03,00:00:00,9738,5586,34217.0000,3955,20453.0000,2214,0.3128,0.4061,0.3246,0.3963,0.0330,0.0178,36964.0000,4273,22109.0000,2382,0.3379,0.4388,0.3509,0.4264,0.0886,0.0388
2015-09-04,00:00:00,9220,5850,31908.0000,3673,20392.0000,2257,0.3089,0.3984,0.3144,0.3858,0.0285,0.0183,34603.0000,3977,22420.0000,2479,0.3350,0.4313,0.3456,0.4238,0.0771,0.0475
2015-09-05,00:00:00,5388,2586,16697.0000,1971,7538.0000,855,0.2778,0.3658,0.2690,0.3306,0.0179,0.0115,18558.0000,2199,8732.0000,990,0.3088,0.4081,0.3116,0.3828,0.0370,0.0165
2015-09-06,00:00:00,6131,2842,19121.0000,2290,8759.0000,984,0.2769,0.3735,0.2806,0.3462,0.0209,0.0121,21304.0000,2544,9887.0000,1103,0.3085,0.4149,0.3168,0.3881,0.0401,0.0164
2015-09-07,00:00:00,12012,5458,42704.0000,4999,19296.0000,2133,0.3136,0.4162,0.3192,0.3908,0.0406,0.0173,45998.0000,5375,21224.0000,2334,0.3378,0.4475,0.3510,0.4276,0.1572,0.0356
2015-09-08,00:00:00,12733,4555,47558.0000,5422,15594.0000,1713,0.3285,0.4258,0.3092,0.3761,0.0499,0.0157,50577.0000,5766,17292.0000,1900,0.3493,0.4528,0.3428,0.4171,0.1985,0.0276
2015-09-09,00:00:00,10962,4421,39842.0000,4555,15296.0000,1675,0.3225,0.4155,0.3129,0.3789,0.0339,0.0156,42908.0000,4879,16737.0000,1831,0.3473,0.4451,0.3424,0.4142,0.1172,0.0296
2015-09-10,00:00:00,9557,5505,33845.0000,3894,19761.0000,2151,0.3165,0.4075,0.3215,0.3907,0.0276,0.0173,36309.0000,4192,21622.0000,2342,0.3396,0.4386,0.3518,0.4254,0.0895,0.0380
2015-09-11,00:00:00,10553,6270,36330.0000,4232,23096.0000,2519,0.3070,0.4010,0.3298,0.4018,0.0307,0.0201,39555.0000,4611,25036.0000,2722,0.3343,0.4369,0.3575,0.4341,0.0976,0.0468
2015-09-12,00:00:00,4973,2818,15368.0000,1804,8532.0000,959,0.2772,0.3628,0.2751,0.3403,0.0258,0.0125,17241.0000,2016,9783.0000,1101,0.3110,0.4054,0.3154,0.3907,0.0341,0.0184
2015-09-13,00:00:00,9230,4880,32177.0000,3746,16278.0000,1848,0.3096,0.4059,0.3068,0.3787,0.0298,0.0158,34727.0000,4045,18101.0000,2048,0.3342,0.4382,0.3412,0.4197,0.0937,0.0298
2015-09-14,00:00:00,10591,4613,39059.0000,4428,15586.0000,1726,0.3247,0.4181,0.3065,0.3742,0.0343,0.0156,41501.0000,4723,17315.0000,1919,0.3450,0.4459,0.3405,0.4160,0.1103,0.0273
2015-09-15,00:00:00,10504,4265,38730.0000,4389,14305.0000,1576,0.3279,0.4178,0.3049,0.3695,0.0318,0.0134,41358.0000,4691,15898.0000,1755,0.3501,0.4466,0.3388,0.4115,0.1104,0.0251
2015-09-16,00:00:00,10572,5049,38600.0000,4367,17770.0000,1945,0.3243,0.4131,0.3178,0.3852,0.0298,0.0143,41471.0000,4679,19435.0000,2114,0.3484,0.4426,0.3476,0.4187,0.1097,0.0336
2015-09-17,00:00:00,10752,6082,39760.0000,4502,22301.0000,2413,0.3291,0.4187,0.3276,0.3967,0.0325,0.0191,42397.0000,4805,24014.0000,2597,0.3509,0.4469,0.3527,0.4270,0.1095,0.0439
2015-09-18,00:00:00,10465,6538,37117.0000,4302,24357.0000,2643,0.3176,0.4111,0.3325,0.4043,0.0321,0.0185,40016.0000,4638,26097.0000,2838,0.3424,0.4432,0.3563,0.4341,0.0974,0.0512
2015-09-19,00:00:00,5110,2684,15291.0000,1839,7888.0000,907,0.2695,0.3599,0.2729,0.3379,0.0163,0.0115,17362.0000,2070,9043.0000,1025,0.3060,0.4051,0.3129,0.3819,0.0331,0.0168
2015-09-20,00:00:00,10068,5125,35864.0000,4133,17385.0000,1931,0.3156,0.4105,0.3099,0.3768,0.0327,0.0149,38531.0000,4436,19290.0000,2133,0.3391,0.4406,0.3438,0.4162,0.1112,0.0335
2015-09-21,00:00:00,10933,5070,40366.0000,4610,17353.0000,1924,0.3264,0.4217,0.3105,0.3795,0.0340,0.0148,42928.0000,4906,19125.0000,2119,0.3471,0.4487,0.3422,0.4179,0.1320,0.0325
2015-09-22,00:00:00,8412,4322,29554.0000,3377,14955.0000,1641,0.3111,0.4015,0.3122,0.3797,0.0242,0.0152,31967.0000,3676,16472.0000,1803,0.3365,0.4370,0.3439,0.4172,0.0690,0.0271
2015-09-23,00:00:00,8550,4054,30569.0000,3501,13397.0000,1487,0.3186,0.4095,0.2997,0.3668,0.0249,0.0141,32743.0000,3761,14901.0000,1659,0.3412,0.4399,0.3334,0.4092,0.0725,0.0239
2015-09-24,00:00:00,9788,4852,34955.0000,4050,17241.0000,1880,0.3155,0.4138,0.3168,0.3875,0.0308,0.0165,37514.0000,4334,18827.0000,2044,0.3386,0.4428,0.3459,0.4213,0.0922,0.0331
2015-09-25,00:00:00,9514,5238,32645.0000,3834,18068.0000,1990,0.3062,0.4030,0.3107,0.3799,0.0287,0.0167,35421.0000,4147,20036.0000,2200,0.3323,0.4359,0.3446,0.4200,0.0828,0.0330
2015-09-26,00:00:00,5058,2522,15423.0000,1834,6847.0000,793,0.2717,0.3626,0.2498,0.3144,0.0165,0.0114,17419.0000,2067,8097.0000,926,0.3069,0.4087,0.2954,0.3672,0.0344,0.0157
2015-09-27,00:00:00,10566,5198,37996.0000,4384,17692.0000,1987,0.3178,0.4149,0.3090,0.3823,0.0364,0.0168,40778.0000,4706,19441.0000,2180,0.3410,0.4454,0.3396,0.4194,0.1235,0.0312
2015-09-28,00:00:00,11528,5221,42241.0000,4825,18216.0000,2003,0.3241,0.4185,0.3132,0.3836,0.0370,0.0168,44999.0000,5152,19889.0000,2196,0.3453,0.4469,0.3420,0.4206,0.1249,0.0324
2015-09-29,00:00:00,9598,4599,34466.0000,3947,15882.0000,1733,0.3181,0.4112,0.3098,0.3768,0.0295,0.0160,37056.0000,4229,17730.0000,1921,0.3420,0.4406,0.3459,0.4177,0.0912,0.0294
2015-09-30,00:00:00,10121,5000,36727.0000,4180,17775.0000,1937,0.3220,0.4130,0.3176,0.3874,0.0312,0.0161,39246.0000,4476,19727.0000,2135,0.3441,0.4422,0.3524,0.4270,0.1101,0.0343
2015-10-01,00:00:00,10136,6272,36437.0000,4185,22799.0000,2483,0.3225,0.4129,0.3256,0.3959,0.0314,0.0196,39147.0000,4493,24886.0000,2696,0.3465,0.4433,0.3554,0.4298,0.0987,0.0468
2015-10-02,00:00:00,9450,5656,32044.0000,3750,19737.0000,2183,0.3048,0.3968,0.3181,0.3860,0.0264,0.0171,34985.0000,4079,21401.0000,2366,0.3328,0.4316,0.3449,0.4183,0.0816,0.0369
2015-10-03,00:00:00,5195,2481,15909.0000,1856,7169.0000,815,0.2740,0.3573,0.2701,0.3285,0.0156,0.0117,17964.0000,2099,8245.0000,929,0.3094,0.4040,0.3106,0.3744,0.0329,0.0159
2015-10-04,00:00:00,10151,4877,36048.0000,4204,16696.0000,1861,0.3161,0.4141,0.3149,0.3816,0.0339,0.0155,38407.0000,4485,18173.0000,2034,0.3367,0.4418,0.3428,0.4171,0.1223,0.0303
2015-10-05,00:00:00,11190,4601,41570.0000,4719,15366.0000,1720,0.3281,0.4217,0.3036,0.3738,0.0348,0.0142,44301.0000,5020,17037.0000,1905,0.3496,0.4486,0.3366,0.4140,0.1276,0.0286
2015-10-06,00:00:00,9443,4404,34277.0000,3888,15154.0000,1653,0.3225,0.4117,0.3092,0.3753,0.0279,0.0160,36945.0000,4183,16956.0000,1839,0.3476,0.4430,0.3460,0.4176,0.0890,0.0260
2015-10-07,00:00:00,10431,5278,37925.0000,4300,19002.0000,2067,0.3231,0.4122,0.3264,0.3916,0.0312,0.0161,40918.0000,4625,20444.0000,2242,0.3486,0.4434,0.3512,0.4248,0.1040,0.0365
2015-10-08,00:00:00,11143,6192,40223.0000,4616,23127.0000,2487,0.3223,0.4143,0.3316,0.4016,0.0338,0.0203,43269.0000,4973,24990.0000,2687,0.3467,0.4463,0.3583,0.4339,0.1235,0.0494
2015-10-09,00:00:00,9835,6520,35017.0000,4012,23793.0000,2600,0.3195,0.4079,0.3270,0.3988,0.0302,0.0191,37740.0000,4307,26043.0000,2831,0.3443,0.4379,0.3579,0.4342,0.0986,0.0499
2015-10-10,00:00:00,6354,3173,19747.0000,2356,9564.0000,1095,0.2794,0.3708,0.2775,0.3451,0.0198,0.0131,22016.0000,2618,11143.0000,1259,0.3115,0.4120,0.3233,0.3968,0.0447,0.0192
2015-10-11,00:00:00,10009,5174,35170.0000,4076,17670.0000,1984,0.3131,0.4072,0.3132,0.3835,0.0304,0.0166,37750.0000,4408,19433.0000,2187,0.3360,0.4404,0.3444,0.4227,0.1114,0.0330
2015-10-12,00:00:00,12065,5390,44424.0000,5112,18818.0000,2092,0.3247,0.4237,0.3146,0.3881,0.0405,0.0175,47297.0000,5436,20686.0000,2287,0.3456,0.4506,0.3458,0.4243,0.1510,0.0216
2015-10-13,00:00:00,11135,4880,40814.0000,4652,17161.0000,1900,0.3236,0.4178,0.3176,0.3893,0.0221,0.0091,43677.0000,4990,18748.0000,2068,0.3464,0.4481,0.3470,0.4238,0.0862,0.0194
2015-10-14,00:00:00,10515,5263,38771.0000,4369,19140.0000,2070,0.3285,0.4155,0.3251,0.3933,0.0199,0.0097,41479.0000,4686,20807.0000,2244,0.3515,0.4456,0.3534,0.4264,0.0763,0.0230
2015-10-15,00:00:00,10878,6310,39863.0000,4541,23258.0000,2522,0.3268,0.4174,0.3293,0.3997,0.0208,0.0115,42674.0000,4852,25338.0000,2746,0.3499,0.4460,0.3588,0.4352,0.0792,0.0316
2015-10-16,00:00:00,10838,6387,39042.0000,4503,23886.0000,2580,0.3213,0.4155,0.3346,0.4039,0.0202,0.0113,41951.0000,4835,25578.0000,2763,0.3453,0.4461,0.3583,0.4326,0.0750,0.0309
2015-10-17,00:00:00,5211,2814,16164.0000,1907,8734.0000,970,0.2778,0.3660,0.2827,0.3447,0.0125,0.0074,18133.0000,2131,9931.0000,1101,0.3116,0.4089,0.3215,0.3913,0.0208,0.0106
2015-10-18,00:00:00,10799,5776,38457.0000,4475,20413.0000,2250,0.3181,0.4144,0.3238,0.3895,0.0288,0.0110,41237.0000,4812,22505.0000,2472,0.3411,0.4456,0.3570,0.4280,0.0946,0.0239
2015-10-19,00:00:00,12066,5410,45044.0000,5112,19087.0000,2107,0.3306,0.4237,0.3179,0.3895,0.0241,0.0096,47879.0000,5433,20911.0000,2306,0.3514,0.4503,0.3483,0.4262,0.1067,0.0218
2015-10-20,00:00:00,9958,4477,36336.0000,4128,15261.0000,1678,0.3251,0.4145,0.3092,0.3748,0.0188,0.0084,39037.0000,4444,16878.0000,1860,0.3493,0.4463,0.3420,0.4155,0.0685,0.0172
2015-10-21,00:00:00,10498,5129,38626.0000,4381,18292.0000,1997,0.3278,0.4173,0.3219,0.3894,0.0200,0.0094,41227.0000,4682,20041.0000,2183,0.3499,0.4460,0.3527,0.4256,0.0762,0.0215
2015-10-22,00:00:00,11549,6023,42489.0000,4849,22295.0000,2425,0.3279,0.4199,0.3303,0.4026,0.0223,0.0109,45486.0000,5188,24048.0000,2614,0.3510,0.4492,0.3562,0.4340,0.0910,0.0295
2015-10-23,00:00:00,10773,6384,38729.0000,4488,23305.0000,2546,0.3217,0.4166,0.3273,0.3988,0.0201,0.0112,41404.0000,4796,25279.0000,2757,0.3439,0.4452,0.3550,0.4319,0.0749,0.0306
2015-10-24,00:00:00,5339,2798,16586.0000,1953,8195.0000,933,0.2771,0.3658,0.2714,0.3335,0.0102,0.0066,18762.0000,2192,9472.0000,1079,0.3134,0.4106,0.3137,0.3856,0.0214,0.0099
2015-10-25,00:00:00,10917,5899,39177.0000,4530,20872.0000,2318,0.3178,0.4149,0.3233,0.3929,0.0223,0.0104,41813.0000,4843,22731.0000,2527,0.3392,0.4436,0.3521,0.4284,0.0915,0.0254
2015-10-26,00:00:00,11799,5414,43992.0000,4957,18902.0000,2104,0.3293,0.4201,0.3166,0.3886,0.0237,0.0096,46925.0000,5296,20898.0000,2316,0.3512,0.4489,0.3501,0.4278,0.1045,0.0218
2015-10-27,00:00:00,9667,4588,35486.0000,3994,16046.0000,1749,0.3246,0.4132,0.3162,0.3812,0.0179,0.0085,38038.0000,4293,17565.0000,1924,0.3480,0.4441,0.3461,0.4194,0.0632,0.0181
2015-10-28,00:00:00,8706,4583,30708.0000,3515,15871.0000,1734,0.3177,0.4037,0.3147,0.3784,0.0160,0.0087,33244.0000,3809,17596.0000,1920,0.3439,0.4375,0.3489,0.4189,0.0493,0.0171
2015-10-29,00:00:00,12987,5967,47067.0000,5392,22002.0000,2374,0.3222,0.4152,0.3292,0.3979,0.0245,0.0110,50197.0000,5773,23906.0000,2581,0.3436,0.4445,0.3577,0.4325,0.1008,0.0295
2015-10-30,00:00:00,11025,5970,39561.0000,4551,21813.0000,2384,0.3210,0.4128,0.3286,0.3993,0.0204,0.0129,42308.0000,4866,23495.0000,2566,0.3433,0.4414,0.3540,0.4298,0.0782,0.0269
2015-10-31,00:00:00,4482,2313,13297.0000,1560,6626.0000,751,0.2658,0.3481,0.2636,0.3247,0.0092,0.0058,15213.0000,1784,7789.0000,873,0.3041,0.3980,0.3098,0.3774,0.0177,0.0086
2015-11-01,00:00:00,9838,5165,35324.0000,4094,17620.0000,1966,0.3171,0.4161,0.3062,0.3806,0.0202,0.0093,37785.0000,4382,19548.0000,2173,0.3392,0.4454,0.3397,0.4207,0.0818,0.0205
2015-11-02,00:00:00,11561,6048,43182.0000,4885,22187.0000,2436,0.3308,0.4225,0.3313,0.4028,0.0235,0.0107,45949.0000,5193,23918.0000,2626,0.3520,0.4492,0.3571,0.4342,0.1007,0.0272
2015-11-03,00:00:00,10064,4648,37046.0000,4204,16342.0000,1775,0.3274,0.4177,0.3166,0.3819,0.0204,0.0099,39510.0000,4486,18038.0000,1953,0.3492,0.4457,0.3494,0.4202,0.0730,0.0177
2015-11-04,00:00:00,10037,4983,37509.0000,4207,17990.0000,1945,0.3308,0.4191,0.3249,0.3903,0.0190,0.0092,39925.0000,4481,19606.0000,2119,0.3521,0.4464,0.3540,0.4252,0.0719,0.0211
2015-11-05,00:00:00,11124,6155,41272.0000,4683,23542.0000,2519,0.3297,0.4210,0.3409,0.4093,0.0217,0.0114,43950.0000,4985,24965.0000,2678,0.3510,0.4481,0.3615,0.4351,0.0894,0.0337
2015-11-06,00:00:00,11173,6439,40298.0000,4630,23918.0000,2602,0.3229,0.4144,0.3344,0.4041,0.0214,0.0115,43150.0000,4963,25612.0000,2787,0.3457,0.4442,0.3581,0.4328,0.0827,0.0318
2015-11-07,00:00:00,5340,2607,16781.0000,1970,7773.0000,868,0.2833,0.3689,0.2744,0.3329,0.0101,0.0062,18608.0000,2182,8924.0000,1001,0.3141,0.4086,0.3150,0.3840,0.0219,0.0091
2015-11-08,00:00:00,10862,5786,39547.0000,4533,20342.0000,2275,0.3224,0.4173,0.3204,0.3932,0.0221,0.0103,42147.0000,4850,22308.0000,2479,0.3436,0.4465,0.3514,0.4284,0.0943,0.0254
2015-11-09,00:00:00,12185,5113,45520.0000,5170,17971.0000,1983,0.3317,0.4243,0.3191,0.3878,0.0254,0.0092,48506.0000,5501,19785.0000,2171,0.3535,0.4515,0.3513,0.4246,0.1165,0.0200
2015-11-10,00:00:00,9759,4656,35884.0000,4047,16350.0000,1781,0.3270,0.4147,0.3186,0.3825,0.0184,0.0107,38287.0000,4340,17938.0000,1950,0.3489,0.4447,0.3496,0.4188,0.0647,0.0185
2015-11-11,00:00:00,11058,5428,41470.0000,4654,20044.0000,2170,0.3329,0.4209,0.3323,0.3998,0.0209,0.0099,44255.0000,4971,21617.0000,2336,0.3553,0.4495,0.3584,0.4304,0.0838,0.0239
2015-11-12,00:00:00,11524,5561,43037.0000,4874,20414.0000,2214,0.3320,0.4229,0.3270,0.3981,0.0227,0.0103,45811.0000,5192,22298.0000,2409,0.3534,0.4505,0.3572,0.4332,0.0960,0.0260
2015-11-13,00:00:00,10774,6260,38764.0000,4466,22948.0000,2518,0.3234,0.4145,0.3308,0.4022,0.0206,0.0111,41521.0000,4776,24996.0000,2736,0.3464,0.4433,0.3604,0.4371,0.0795,0.0292
2015-11-14,00:00:00,5103,2751,15652.0000,1862,8308.0000,923,0.2762,0.3649,0.2770,0.3355,0.0098,0.0063,17451.0000,2085,9538.0000,1053,0.3080,0.4086,0.3180,0.3828,0.0207,0.0100
2015-11-15,00:00:00,10461,5814,37652.0000,4312,20588.0000,2292,0.3196,0.4122,0.3248,0.3942,0.0213,0.0102,40357.0000,4638,22378.0000,2479,0.3426,0.4434,0.3531,0.4264,0.0891,0.0257
2015-11-16,00:00:00,12514,5416,47867.0000,5353,19129.0000,2117,0.3365,0.4278,0.3218,0.3909,0.0268,0.0112,50356.0000,5657,20809.0000,2312,0.3540,0.4521,0.3500,0.4269,0.1220,0.0228
2015-11-17,00:00:00,10755,4637,40111.0000,4528,16386.0000,1780,0.3309,0.4210,0.3192,0.3839,0.0215,0.0086,42809.0000,4818,17974.0000,1944,0.3531,0.4480,0.3501,0.4192,0.0866,0.0185
2015-11-18,00:00:00,10239,5215,37912.0000,4252,19372.0000,2073,0.3275,0.4153,0.3331,0.3975,0.0194,0.0096,40710.0000,4567,20998.0000,2251,0.3516,0.4460,0.3610,0.4316,0.0733,0.0226
2015-11-19,00:00:00,9756,5733,34914.0000,3994,20820.0000,2246,0.3207,0.4094,0.3278,0.3918,0.0180,0.0104,37486.0000,4289,22599.0000,2438,0.3444,0.4396,0.3558,0.4253,0.0648,0.0273
2015-11-20,00:00:00,12310,6995,44326.0000,5087,26246.0000,2850,0.3207,0.4132,0.3372,0.4074,0.0225,0.0123,47449.0000,5456,27906.0000,3048,0.3433,0.4432,0.3585,0.4357,0.0855,0.0366
2015-11-21,00:00:00,4664,2825,13663.0000,1640,8748.0000,970,0.2649,0.3516,0.2835,0.3434,0.0091,0.0063,15675.0000,1858,9981.0000,1101,0.3039,0.3984,0.3234,0.3897,0.0174,0.0099
2015-11-22,00:00:00,8470,4717,28901.0000,3378,16049.0000,1799,0.3027,0.3988,0.3121,0.3814,0.0157,0.0089,31411.0000,3678,17739.0000,1990,0.3290,0.4342,0.3450,0.4219,0.0529,0.0179
2015-11-23,00:00:00,8235,4172,28081.0000,3270,13776.0000,1530,0.3049,0.3971,0.2992,0.3667,0.0149,0.0080,30654.0000,3574,15345.0000,1709,0.3328,0.4340,0.3333,0.4096,0.0442,0.0148
2015-11-24,00:00:00,7842,5597,26654.0000,3088,20184.0000,2200,0.3039,0.3938,0.3232,0.3931,0.0139,0.0099,29127.0000,3375,21893.0000,2390,0.3320,0.4304,0.3506,0.4270,0.0383,0.0229
2015-11-25,00:00:00,7190,5493,23410.0000,2742,19108.0000,2120,0.2913,0.3814,0.3095,0.3859,0.0128,0.0098,25861.0000,3032,20939.0000,2320,0.3218,0.4217,0.3392,0.4224,0.0323,0.0221
2015-11-26,00:00:00,3564,2574,9952.0000,1174,7708.0000,873,0.2503,0.3294,0.2736,0.3392,0.0078,0.0063,11563.0000,1362,8751.0000,991,0.2909,0.3822,0.3106,0.3850,0.0138,0.0101
2015-11-27,00:00:00,5409,1880,16834.0000,1982,5399.0000,597,0.2794,0.3664,0.2666,0.3176,0.0104,0.0055,18927.0000,2230,6148.0000,682,0.3141,0.4123,0.3035,0.3628,0.0222,0.0076
2015-11-28,00:00:00,9531,2822,32582.0000,3827,8540.0000,963,0.3035,0.4015,0.2805,0.3412,0.0175,0.0064,35430.0000,4168,9590.0000,1078,0.3300,0.4373,0.3150,0.3820,0.0551,0.0096
2015-11-29,00:00:00,13217,3945,47730.0000,5535,12521.0000,1390,0.3187,0.4188,0.2896,0.3523,0.0271,0.0075,51005.0000,5928,14411.0000,1589,0.3406,0.4485,0.3333,0.4028,0.1199,0.0131
2015-11-30,00:00:00,15157,4487,56666.0000,6506,14863.0000,1647,0.3300,0.4292,0.3030,0.3671,0.0333,0.0085,60094.0000,6899,16604.0000,1836,0.3499,0.4552,0.3385,0.4092,0.1726,0.0156
2015-12-01,00:00:00,11734,4099,43627.0000,4970,13803.0000,1507,0.3290,0.4236,0.3045,0.3677,0.0256,0.0084,46342.0000,5280,15326.0000,1681,0.3495,0.4500,0.3381,0.4101,0.0999,0.0146
2015-12-02,00:00:00,11534,4670,43068.0000,4881,16496.0000,1797,0.3340,0.4232,0.3199,0.3848,0.0227,0.0087,46026.0000,5200,17976.0000,1958,0.3569,0.4508,0.3486,0.4193,0.0933,0.0182
2015-12-03,00:00:00,11907,6128,44422.0000,5046,23150.0000,2491,0.3334,0.4238,0.3379,0.4065,0.0235,0.0112,47139.0000,5364,24827.0000,2673,0.3538,0.4505,0.3623,0.4362,0.1003,0.0311
2015-12-04,00:00:00,11126,6518,41157.0000,4673,24539.0000,2665,0.3288,0.4200,0.3399,0.4089,0.0216,0.0119,43848.0000,4985,26286.0000,2857,0.3503,0.4480,0.3641,0.4383,0.0864,0.0348
2015-12-05,00:00:00,5031,2633,15923.0000,1853,8126.0000,907,0.2841,0.3683,0.2849,0.3445,0.0156,0.0151,17619.0000,2055,9178.0000,1024,0.3143,0.4085,0.3217,0.3889,0.0327,0.0172
2015-12-06,00:00:00,10545,5553,38564.0000,4411,19689.0000,2168,0.3269,0.4183,0.3241,0.3904,0.0326,0.0158,40957.0000,4694,21322.0000,2352,0.3472,0.4451,0.3510,0.4236,0.1280,0.0352
2015-12-07,00:00:00,12597,5069,48416.0000,5403,17747.0000,1969,0.3401,0.4289,0.3169,0.3884,0.0413,0.0152,51187.0000,5697,19703.0000,2162,0.3595,0.4523,0.3518,0.4265,0.1774,0.0313
2015-12-08,00:00:00,10658,5162,39998.0000,4479,18721.0000,2034,0.3328,0.4202,0.3246,0.3940,0.0344,0.0176,42628.0000,4777,20325.0000,2205,0.3547,0.4482,0.3524,0.4272,0.1207,0.0356
2015-12-09,00:00:00,10793,5836,40867.0000,4565,21662.0000,2342,0.3360,0.4230,0.3350,0.4013,0.0343,0.0174,43516.0000,4849,23522.0000,2538,0.3578,0.4493,0.3637,0.4349,0.1247,0.0446
2015-12-10,00:00:00,11803,6170,44310.0000,4983,23179.0000,2498,0.3354,0.4222,0.3361,0.4049,0.0362,0.0184,47299.0000,5311,25201.0000,2701,0.3580,0.4500,0.3654,0.4378,0.1412,0.0477
2015-12-11,00:00:00,10922,5923,40151.0000,4569,22237.0000,2384,0.3278,0.4183,0.3346,0.4025,0.0323,0.0178,42942.0000,4900,23955.0000,2569,0.3505,0.4486,0.3604,0.4337,0.1101,0.0405
2015-12-12,00:00:00,4844,2673,14933.0000,1751,8000.0000,905,0.2787,0.3615,0.2759,0.3386,0.0166,0.0105,16895.0000,1974,9083.0000,1024,0.3153,0.4075,0.3133,0.3831,0.0297,0.0160
2015-12-13,00:00:00,9285,5667,33186.0000,3811,20424.0000,2237,0.3218,0.4104,0.3274,0.3947,0.0338,0.0169,35543.0000,4102,22272.0000,2426,0.3447,0.4418,0.3570,0.4281,0.0918,0.0389
2015-12-14,00:00:00,10016,4838,37145.0000,4213,16542.0000,1835,0.3297,0.4206,0.3121,0.3793,0.0286,0.0152,39582.0000,4486,18350.0000,2027,0.3513,0.4479,0.3462,0.4190,0.1095,0.0283
2015-12-15,00:00:00,10707,5008,39472.0000,4444,17544.0000,1927,0.3269,0.4151,0.3180,0.3848,0.0331,0.0157,42350.0000,4767,19221.0000,2103,0.3508,0.4452,0.3483,0.4199,0.1128,0.0315
2015-12-16,00:00:00,9966,5734,36625.0000,4103,21099.0000,2299,0.3269,0.4117,0.3322,0.4009,0.0281,0.0164,39236.0000,4416,22698.0000,2480,0.3502,0.4431,0.3574,0.4325,0.0939,0.0408
2015-12-17,00:00:00,9750,5731,35523.0000,4043,21224.0000,2289,0.3260,0.4147,0.3320,0.3994,0.0280,0.0173,37948.0000,4321,22788.0000,2458,0.3483,0.4432,0.3564,0.4289,0.0877,0.0377
2015-12-18,00:00:00,9411,6246,33266.0000,3822,22561.0000,2503,0.3171,0.4061,0.3249,0.4007,0.0266,0.0172,35769.0000,4115,24526.0000,2714,0.3409,0.4373,0.3532,0.4345,0.0746,0.0434
2015-12-19,00:00:00,5049,4094,15810.0000,1848,13594.0000,1498,0.2817,0.3660,0.2973,0.3659,0.0153,0.0152,17707.0000,2055,15195.0000,1670,0.3155,0.4070,0.3323,0.4079,0.0347,0.0264
2015-12-20,00:00:00,6619,5121,21530.0000,2531,17376.0000,1960,0.2941,0.3824,0.3115,0.3827,0.0240,0.0172,23701.0000,2784,19136.0000,2155,0.3238,0.4206,0.3431,0.4208,0.0452,0.0284
2015-12-21,00:00:00,6077,5154,19177.0000,2249,17652.0000,1953,0.2833,0.3701,0.3106,0.3789,0.0185,0.0162,21529.0000,2521,19596.0000,2164,0.3181,0.4148,0.3448,0.4199,0.0354,0.0307
2015-12-22,00:00:00,5465,5418,16151.0000,1923,18736.0000,2079,0.2640,0.3519,0.3133,0.3837,0.0160,0.0146,18463.0000,2187,20647.0000,2292,0.3018,0.4002,0.3453,0.4230,0.0332,0.0413
2015-12-23,00:00:00,6102,5485,19021.0000,2279,18602.0000,2093,0.2807,0.3735,0.3106,0.3816,0.0189,0.0170,21336.0000,2538,20323.0000,2298,0.3148,0.4159,0.3394,0.4190,0.0374,0.0303
2015-12-24,00:00:00,5269,4011,15311.0000,1826,12919.0000,1431,0.2603,0.3466,0.2911,0.3568,0.0155,0.0127,17442.0000,2077,14519.0000,1601,0.2965,0.3942,0.3271,0.3992,0.0293,0.0213
2015-12-25,00:00:00,4469,2272,13470.0000,1598,6484.0000,723,0.2706,0.3576,0.2579,0.3182,0.0149,0.0101,15343.0000,1822,7548.0000,847,0.3082,0.4077,0.3002,0.3728,0.0260,0.0146
2015-12-26,00:00:00,7338,1939,24042.0000,2826,5029.0000,563,0.2932,0.3851,0.2409,0.2904,0.0208,0.0101,26609.0000,3114,6185.0000,688,0.3245,0.4244,0.2963,0.3548,0.0506,0.0142
2015-12-27,00:00:00,11680,2632,40732.0000,4827,7661.0000,869,0.3096,0.4133,0.2717,0.3302,0.0332,0.0106,43798.0000,5184,8777.0000,995,0.3329,0.4438,0.3113,0.3780,0.1226,0.0152
2015-12-28,00:00:00,10321,2622,34532.0000,4118,7586.0000,850,0.2978,0.3990,0.2669,0.3242,0.0300,0.0114,37831.0000,4495,8771.0000,978,0.3262,0.4355,0.3086,0.3730,0.0863,0.0141
2015-12-29,00:00:00,10346,2633,34183.0000,4114,7637.0000,866,0.2948,0.3976,0.2671,0.3289,0.0291,0.0099,37518.0000,4507,8826.0000,995,0.3236,0.4356,0.3087,0.3779,0.0875,0.0173
2015-12-30,00:00:00,9923,3141,33136.0000,3972,9386.0000,1052,0.2997,0.4003,0.2739,0.3349,0.0314,0.0125,35995.0000,4313,10944.0000,1215,0.3255,0.4346,0.3194,0.3868,0.0818,0.0179
2015-12-31,00:00:00,7036,2213,22688.0000,2685,6394.0000,713,0.2859,0.3816,0.2638,0.3222,0.0200,0.0109,24942.0000,2952,7377.0000,822,0.3142,0.4196,0.3044,0.3714,0.0461,0.0127
2016-01-01,00:00:00,6146,2515,19276.0000,2295,6815.0000,780,0.2785,0.3734,0.2515,0.3101,0.0186,0.0106,21398.0000,2552,8048.0000,919,0.3091,0.4152,0.2970,0.3654,0.0398,0.0149
2016-01-02,00:00:00,7493,2566,24397.0000,2865,7407.0000,835,0.2888,0.3824,0.2686,0.3254,0.0222,0.0103,26895.0000,3174,8720.0000,982,0.3184,0.4236,0.3162,0.3827,0.0571,0.0143
2016-01-03,00:00:00,10974,3457,38254.0000,4498,10422.0000,1188,0.3076,0.4099,0.2821,0.3437,0.0328,0.0145,41368.0000,4869,11917.0000,1358,0.3326,0.4437,0.3226,0.3928,0.1643,0.0212
2016-01-04,00:00:00,10650,3037,37005.0000,4382,9106.0000,1028,0.3075,0.4115,0.2750,0.3385,0.0385,0.0113,39861.0000,4708,10459.0000,1175,0.3312,0.4421,0.3158,0.3869,0.1051,0.0183
2016-01-05,00:00:00,9014,2661,30932.0000,3606,7894.0000,869,0.3047,0.4000,0.2729,0.3266,0.0242,0.0115,33667.0000,3922,8963.0000,988,0.3316,0.4351,0.3099,0.3713,0.0703,0.0143
2016-01-06,00:00:00,8326,2859,29123.0000,3341,8782.0000,972,0.3113,0.4013,0.2807,0.3400,0.0244,0.0104,31644.0000,3624,10119.0000,1109,0.3382,0.4353,0.3235,0.3879,0.0597,0.0175
2016-01-07,00:00:00,8450,3877,30145.0000,3422,13391.0000,1450,0.3178,0.4050,0.3115,0.3740,0.0234,0.0137,32651.0000,3719,14781.0000,1595,0.3443,0.4401,0.3439,0.4114,0.0706,0.0206
2016-01-08,00:00:00,7337,4118,24167.0000,2823,14189.0000,1551,0.2956,0.3848,0.3127,0.3766,0.0209,0.0136,26554.0000,3102,15677.0000,1708,0.3248,0.4228,0.3455,0.4148,0.0498,0.0271
2016-01-09,00:00:00,4498,2129,12882.0000,1540,6073.0000,671,0.2616,0.3424,0.2689,0.3152,0.0143,0.0104,14468.0000,1732,7133.0000,788,0.2939,0.3851,0.3159,0.3701,0.0262,0.0135
2016-01-10,00:00:00,8305,4039,28512.0000,3358,13827.0000,1525,0.3058,0.4043,0.3136,0.3776,0.0249,0.0140,30928.0000,3645,15061.0000,1663,0.3317,0.4389,0.3416,0.4117,0.0882,0.0226
2016-01-11,00:00:00,10452,3629,38111.0000,4335,11531.0000,1285,0.3241,0.4148,0.2907,0.3541,0.0299,0.0141,40835.0000,4631,13082.0000,1454,0.3473,0.4431,0.3298,0.4007,0.1067,0.0202
2016-01-12,00:00:00,8843,3479,31605.0000,3571,11609.0000,1277,0.3165,0.4038,0.3026,0.3671,0.0248,0.0127,34374.0000,3866,12802.0000,1412,0.3442,0.4372,0.3337,0.4059,0.0728,0.0220
2016-01-13,00:00:00,8831,4206,31368.0000,3576,14794.0000,1596,0.3164,0.4049,0.3162,0.3795,0.0254,0.0135,33919.0000,3870,16244.0000,1752,0.3421,0.4382,0.3471,0.4165,0.0691,0.0251
2016-01-14,00:00:00,9694,5289,35097.0000,3978,19473.0000,2095,0.3218,0.4104,0.3274,0.3961,0.0379,0.0158,37543.0000,4269,21273.0000,2273,0.3442,0.4404,0.3577,0.4298,0.0874,0.0389
2016-01-15,00:00:00,10154,5688,36518.0000,4188,20843.0000,2269,0.3202,0.4124,0.3260,0.3989,0.0279,0.0159,39200.0000,4512,22644.0000,2458,0.3437,0.4444,0.3541,0.4321,0.0935,0.0398
2016-01-16,00:00:00,5753,2369,18966.0000,2190,6876.0000,775,0.2972,0.3807,0.2688,0.3271,0.0173,0.0100,20837.0000,2404,7726.0000,872,0.3266,0.4179,0.3020,0.3681,0.0362,0.0162
2016-01-17,00:00:00,8056,3344,27575.0000,3214,10517.0000,1166,0.3063,0.3990,0.2919,0.3487,0.0227,0.0124,29854.0000,3488,11920.0000,1314,0.3316,0.4330,0.3308,0.3929,0.0644,0.0183
2016-01-18,00:00:00,11340,4491,41479.0000,4716,14696.0000,1655,0.3243,0.4159,0.3054,0.3685,0.0328,0.0130,44426.0000,5048,16532.0000,1860,0.3473,0.4451,0.3436,0.4142,0.1382,0.0237
2016-01-19,00:00:00,11213,4373,41575.0000,4691,15452.0000,1672,0.3265,0.4184,0.3197,0.3823,0.0314,0.0146,44493.0000,5031,16750.0000,1814,0.3494,0.4487,0.3465,0.4148,0.1276,0.0236
2016-01-20,00:00:00,9508,5283,34260.0000,3878,19502.0000,2110,0.3192,0.4079,0.3348,0.3994,0.0268,0.0169,36775.0000,4173,21077.0000,2284,0.3427,0.4389,0.3618,0.4323,0.0805,0.0340
2016-01-21,00:00:00,9696,5364,34685.0000,3941,19553.0000,2098,0.3187,0.4065,0.3287,0.3911,0.0261,0.0155,37263.0000,4244,21306.0000,2277,0.3424,0.4377,0.3582,0.4245,0.0868,0.0360
2016-01-22,00:00:00,7129,4701,23924.0000,2773,16224.0000,1801,0.3018,0.3890,0.3133,0.3831,0.0219,0.0150,25959.0000,3019,17901.0000,1975,0.3274,0.4235,0.3457,0.4201,0.0548,0.0279
2016-01-23,00:00:00,37,37,33.0000,4,0.0000,0,0.0795,0.1081,0.0000,0.0000,0.0070,0.0069,33.0000,4,10.0000,1,0.0795,0.1081,0.0235,0.0270,0.0072,0.0069
2016-01-24,00:00:00,2436,729,7060.0000,828,1476.0000,163,0.2548,0.3399,0.1887,0.2236,0.0116,0.0107,8043.0000,943,1865.0000,207,0.2903,0.3871,0.2385,0.2840,0.0165,0.0093
2016-01-25,00:00:00,7345,4280,24597.0000,2810,13991.0000,1568,0.2968,0.3826,0.3018,0.3664,0.0214,0.0137,26878.0000,3070,15511.0000,1735,0.3243,0.4180,0.3346,0.4054,0.0507,0.0381
2016-01-26,00:00:00,11370,3778,41077.0000,4715,12321.0000,1363,0.3182,0.4147,0.2952,0.3608,0.0333,0.0125,43968.0000,5047,13708.0000,1515,0.3406,0.4439,0.3285,0.4010,0.1069,0.0225
2016-01-27,00:00:00,8906,3592,31727.0000,3624,12257.0000,1329,0.3161,0.4069,0.3065,0.3700,0.0262,0.0134,33805.0000,3880,13622.0000,1468,0.3368,0.4357,0.3407,0.4087,0.0754,0.0209
2016-01-28,00:00:00,9610,4995,33795.0000,3901,18048.0000,1943,0.3142,0.4059,0.3251,0.3890,0.0286,0.0155,36541.0000,4201,19585.0000,2099,0.3398,0.4371,0.3528,0.4202,0.0870,0.0338
2016-01-29,00:00:00,8487,5010,28867.0000,3332,17940.0000,1939,0.3066,0.3926,0.3250,0.3870,0.0248,0.0164,31544.0000,3642,19532.0000,2108,0.3350,0.4291,0.3538,0.4208,0.0673,0.0345
2016-01-30,00:00:00,4699,1868,14542.0000,1702,5105.0000,577,0.2755,0.3622,0.2494,0.3089,0.0167,0.0101,16525.0000,1928,6087.0000,681,0.3130,0.4103,0.2973,0.3646,0.0280,0.0138
2016-01-31,00:00:00,8919,4000,31256.0000,3635,13123.0000,1465,0.3116,0.4076,0.3011,0.3663,0.0260,0.0125,33709.0000,3929,14882.0000,1658,0.3360,0.4405,0.3414,0.4145,0.0908,0.0220
2016-02-01,00:00:00,10954,3607,41306.0000,4607,11911.0000,1316,0.3324,0.4206,0.2983,0.3648,0.0334,0.0131,44124.0000,4922,13279.0000,1468,0.3551,0.4493,0.3326,0.4070,0.1278,0.0207
2016-02-02,00:00:00,8460,3792,30444.0000,3426,12851.0000,1403,0.3222,0.4050,0.3122,0.3700,0.0237,0.0123,32754.0000,3681,13976.0000,1533,0.3467,0.4351,0.3396,0.4043,0.0742,0.0223
2016-02-03,00:00:00,7642,4202,26741.0000,3024,14661.0000,1596,0.3127,0.3957,0.3174,0.3798,0.0216,0.0143,29191.0000,3299,16129.0000,1749,0.3414,0.4317,0.3492,0.4162,0.0554,0.0277
2016-02-04,00:00:00,9382,5560,33350.0000,3837,20889.0000,2233,0.3164,0.4090,0.3361,0.4016,0.0271,0.0163,36108.0000,4156,22582.0000,2415,0.3426,0.4430,0.3634,0.4344,0.0786,0.0407
2016-02-05,00:00:00,7410,4619,24766.0000,2906,16166.0000,1771,0.3011,0.3922,0.3170,0.3834,0.0229,0.0145,27053.0000,3181,17806.0000,1939,0.3289,0.4293,0.3492,0.4198,0.0669,0.0327
2016-02-06,00:00:00,3872,1984,11122.0000,1314,5514.0000,627,0.2581,0.3394,0.2568,0.3160,0.0146,0.0104,12841.0000,1499,6268.0000,718,0.2980,0.3871,0.2919,0.3619,0.0238,0.0128
2016-02-07,00:00:00,7404,3367,25038.0000,2920,10701.0000,1202,0.3003,0.3944,0.2919,0.3570,0.0228,0.0119,27164.0000,3181,11965.0000,1341,0.3258,0.4296,0.3263,0.3983,0.0609,0.0181
2016-02-08,00:00:00,9673,3673,35474.0000,3998,12117.0000,1345,0.3233,0.4133,0.3003,0.3662,0.0286,0.0122,37859.0000,4274,13354.0000,1483,0.3450,0.4418,0.3310,0.4038,0.0939,0.0204
2016-02-09,00:00:00,8627,3442,30722.0000,3504,11434.0000,1251,0.3148,0.4062,0.2994,0.3635,0.0241,0.0121,33243.0000,3786,12842.0000,1397,0.3406,0.4389,0.3362,0.4059,0.0672,0.0184
2016-02-10,00:00:00,8935,4550,32074.0000,3654,15934.0000,1728,0.3194,0.4090,0.3164,0.3798,0.0254,0.0151,34464.0000,3923,17728.0000,1910,0.3432,0.4391,0.3520,0.4198,0.0792,0.0269
2016-02-11,00:00:00,8827,5467,31393.0000,3590,20111.0000,2167,0.3179,0.4067,0.3297,0.3964,0.0261,0.0171,34050.0000,3888,21731.0000,2333,0.3448,0.4405,0.3563,0.4267,0.0760,0.0364
2016-02-12,00:00:00,11532,5937,41388.0000,4779,21374.0000,2349,0.3213,0.4144,0.3244,0.3957,0.0330,0.0160,44268.0000,5128,23015.0000,2518,0.3437,0.4447,0.3493,0.4241,0.1124,0.0374
2016-02-13,00:00:00,4715,1929,14428.0000,1694,4954.0000,562,0.2747,0.3593,0.2394,0.2913,0.0144,0.0095,16169.0000,1891,5832.0000,662,0.3078,0.4011,0.2818,0.3432,0.0291,0.0126
2016-02-14,00:00:00,6029,3128,19132.0000,2295,9884.0000,1111,0.2813,0.3807,0.2917,0.3552,0.0187,0.0129,21241.0000,2542,10985.0000,1241,0.3124,0.4216,0.3242,0.3967,0.0430,0.0240
2016-02-15,00:00:00,8602,4473,29259.0000,3409,15082.0000,1680,0.3019,0.3963,0.3089,0.3756,0.0256,0.0131,32088.0000,3719,16587.0000,1849,0.3311,0.4323,0.3397,0.4134,0.0716,0.0252
2016-02-16,00:00:00,12030,4505,43196.0000,4934,14950.0000,1658,0.3193,0.4101,0.3061,0.3680,0.0349,0.0145,46271.0000,5290,16765.0000,1856,0.3421,0.4397,0.3433,0.4120,0.1258,0.0238
2016-02-17,00:00:00,10607,4732,37561.0000,4351,16309.0000,1837,0.3152,0.4102,0.3166,0.3882,0.0283,0.0134,40406.0000,4668,17847.0000,1999,0.3391,0.4401,0.3464,0.4224,0.1086,0.0266
2016-02-18,00:00:00,9579,4970,34046.0000,3913,18294.0000,1952,0.3149,0.4085,0.3264,0.3928,0.0285,0.0146,36635.0000,4230,19813.0000,2112,0.3388,0.4416,0.3535,0.4249,0.0816,0.0318
2016-02-19,00:00:00,9002,4812,31262.0000,3621,17009.0000,1857,0.3099,0.4022,0.3199,0.3859,0.0261,0.0134,33761.0000,3925,18567.0000,2025,0.3347,0.4360,0.3492,0.4208,0.0681,0.0297
2016-02-20,00:00:00,4562,2070,13614.0000,1609,5744.0000,653,0.2665,0.3527,0.2545,0.3155,0.0143,0.0102,15364.0000,1817,6583.0000,743,0.3008,0.3983,0.2917,0.3589,0.0284,0.0131
2016-02-21,00:00:00,9581,3995,34158.0000,3946,13098.0000,1465,0.3142,0.4119,0.3010,0.3667,0.0302,0.0129,36568.0000,4241,14771.0000,1650,0.3363,0.4426,0.3395,0.4130,0.0979,0.0226
2016-02-22,00:00:00,11420,3920,42519.0000,4783,12924.0000,1424,0.3275,0.4188,0.2984,0.3633,0.0312,0.0125,45527.0000,5108,14469.0000,1596,0.3506,0.4473,0.3340,0.4071,0.1285,0.0210
2016-02-23,00:00:00,9194,3762,33096.0000,3745,12432.0000,1357,0.3207,0.4073,0.3015,0.3607,0.0256,0.0128,35496.0000,4017,14105.0000,1530,0.3440,0.4369,0.3421,0.4067,0.0797,0.0207
2016-02-24,00:00:00,7536,4195,26084.0000,2955,14272.0000,1549,0.3095,0.3921,0.3075,0.3692,0.0218,0.0132,28126.0000,3205,15794.0000,1721,0.3337,0.4253,0.3403,0.4103,0.0650,0.0259
2016-02-25,00:00:00,12532,6260,44428.0000,5141,23358.0000,2518,0.3138,0.4102,0.3366,0.4022,0.0367,0.0193,48047.0000,5551,24927.0000,2696,0.3394,0.4429,0.3592,0.4307,0.1225,0.0459
2016-02-26,00:00:00,8801,5547,30332.0000,3543,20259.0000,2206,0.3098,0.4026,0.3287,0.3977,0.0243,0.0162,32511.0000,3805,21927.0000,2381,0.3320,0.4323,0.3557,0.4292,0.0711,0.0339
2016-02-27,00:00:00,4888,2218,14539.0000,1740,6025.0000,674,0.2686,0.3560,0.2515,0.3039,0.0164,0.0105,16305.0000,1943,7096.0000,792,0.3013,0.3975,0.2962,0.3571,0.0297,0.0145
2016-02-28,00:00:00,9607,4368,33750.0000,3931,14804.0000,1656,0.3110,0.4092,0.3086,0.3791,0.0296,0.0175,36534.0000,4256,16319.0000,1821,0.3366,0.4430,0.3401,0.4169,0.1084,0.0267
2016-02-29,00:00:00,11102,3935,40917.0000,4658,13172.0000,1447,0.3254,0.4196,0.3041,0.3677,0.0356,0.0134,43721.0000,4964,14747.0000,1616,0.3477,0.4471,0.3404,0.4107,0.1239,0.0231
2016-03-01,00:00:00,8975,3575,32596.0000,3688,11800.0000,1295,0.3220,0.4109,0.3006,0.3622,0.0275,0.0127,34933.0000,3955,13068.0000,1436,0.3451,0.4407,0.3330,0.4017,0.0736,0.0203
2016-03-02,00:00:00,8908,4502,31697.0000,3640,15770.0000,1709,0.3184,0.4086,0.3206,0.3796,0.0273,0.0146,33849.0000,3893,17173.0000,1864,0.3401,0.4370,0.3492,0.4140,0.0793,0.0271
2016-03-03,00:00:00,9473,5704,34058.0000,3876,20898.0000,2267,0.3192,0.4092,0.3282,0.3974,0.0296,0.0187,36580.0000,4166,22743.0000,2462,0.3428,0.4398,0.3572,0.4316,0.0869,0.0409
2016-03-04,00:00:00,8972,5354,31097.0000,3582,18996.0000,2091,0.3085,0.3992,0.3186,0.3905,0.0271,0.0168,33987.0000,3907,20742.0000,2273,0.3372,0.4355,0.3479,0.4245,0.0821,0.0337
2016-03-05,00:00:00,5518,2304,17358.0000,2035,6630.0000,751,0.2820,0.3688,0.2628,0.3260,0.0176,0.0107,19342.0000,2273,7632.0000,865,0.3143,0.4119,0.3025,0.3754,0.0347,0.0153
2016-03-06,00:00:00,10021,4356,35517.0000,4123,14586.0000,1637,0.3146,0.4114,0.3061,0.3758,0.0314,0.0137,38198.0000,4426,16195.0000,1826,0.3383,0.4417,0.3399,0.4192,0.1071,0.0248
2016-03-07,00:00:00,11580,4128,43034.0000,4883,13919.0000,1543,0.3283,0.4217,0.3064,0.3738,0.0341,0.0134,45611.0000,5189,15332.0000,1700,0.3480,0.4481,0.3375,0.4118,0.1343,0.0231
2016-03-08,00:00:00,9823,4312,35774.0000,4039,14883.0000,1651,0.3230,0.4112,0.3131,0.3829,0.0295,0.0140,38445.0000,4339,16405.0000,1799,0.3471,0.4417,0.3451,0.4172,0.0904,0.0260
2016-03-09,00:00:00,9510,5407,34685.0000,3917,20012.0000,2153,0.3243,0.4119,0.3334,0.3982,0.0270,0.0222,37117.0000,4196,21424.0000,2307,0.3470,0.4412,0.3569,0.4267,0.0938,0.0335
2016-03-10,00:00:00,10955,6000,39010.0000,4505,22229.0000,2416,0.3188,0.4112,0.3306,0.4027,0.0324,0.0184,42206.0000,4854,24167.0000,2618,0.3450,0.4431,0.3594,0.4363,0.1052,0.0439
2016-03-11,00:00:00,9533,5952,33235.0000,3858,21618.0000,2351,0.3113,0.4047,0.3264,0.3950,0.0259,0.0173,36203.0000,4193,23631.0000,2564,0.3391,0.4398,0.3568,0.4308,0.0801,0.0380
2016-03-12,00:00:00,5460,2851,17425.0000,2044,8864.0000,975,0.2849,0.3744,0.2827,0.3420,0.0179,0.0118,19252.0000,2260,10219.0000,1115,0.3148,0.4139,0.3259,0.3911,0.0346,0.0163
2016-03-13,00:00:00,10382,4656,37300.0000,4322,15756.0000,1758,0.3185,0.4163,0.3091,0.3776,0.0321,0.0151,39943.0000,4620,17472.0000,1941,0.3410,0.4450,0.3427,0.4169,0.1228,0.0310
2016-03-14,00:00:00,11230,4285,41562.0000,4737,14203.0000,1586,0.3285,0.4218,0.3035,0.3701,0.0347,0.0144,44041.0000,5041,15644.0000,1740,0.3481,0.4489,0.3343,0.4061,0.1308,0.0238
2016-03-15,00:00:00,11107,4527,40137.0000,4618,15695.0000,1725,0.3205,0.4158,0.3141,0.3810,0.0329,0.0148,43049.0000,4947,17432.0000,1908,0.3438,0.4454,0.3488,0.4215,0.1098,0.0266
2016-03-16,00:00:00,10467,5555,37871.0000,4348,20054.0000,2193,0.3241,0.4154,0.3266,0.3948,0.0315,0.0167,40494.0000,4663,21663.0000,2371,0.3466,0.4455,0.3528,0.4268,0.1041,0.0363
2016-03-17,00:00:00,10310,5965,37154.0000,4230,22225.0000,2404,0.3202,0.4103,0.3327,0.4030,0.0301,0.0180,39816.0000,4562,23916.0000,2576,0.3431,0.4425,0.3580,0.4319,0.1012,0.0420
2016-03-18,00:00:00,9615,5784,33590.0000,3868,20820.0000,2282,0.3112,0.4023,0.3224,0.3945,0.0278,0.0172,36367.0000,4198,22643.0000,2476,0.3370,0.4366,0.3507,0.4281,0.0983,0.0372
2016-03-19,00:00:00,5564,2685,17532.0000,2047,7729.0000,884,0.2837,0.3679,0.2679,0.3292,0.0177,0.0117,19532.0000,2287,9161.0000,1037,0.3161,0.4110,0.3175,0.3862,0.0314,0.0168
2016-03-20,00:00:00,9936,4843,35233.0000,4031,16417.0000,1871,0.3146,0.4057,0.3115,0.3863,0.0293,0.0148,38015.0000,4380,18019.0000,2048,0.3395,0.4408,0.3419,0.4229,0.0967,0.0267
2016-03-21,00:00:00,10833,4541,39118.0000,4470,15520.0000,1728,0.3202,0.4126,0.3121,0.3805,0.0321,0.0152,42187.0000,4809,16957.0000,1882,0.3453,0.4439,0.3410,0.4144,0.1080,0.0255
2016-03-22,00:00:00,10090,4062,36226.0000,4119,13888.0000,1507,0.3166,0.4082,0.3069,0.3710,0.0301,0.0176,39160.0000,4446,15481.0000,1676,0.3423,0.4406,0.3421,0.4126,0.0914,0.0225
2016-03-23,00:00:00,8918,4906,31414.0000,3587,17302.0000,1877,0.3127,0.4022,0.3164,0.3826,0.0246,0.0143,33853.0000,3860,19229.0000,2076,0.3370,0.4328,0.3517,0.4232,0.0704,0.0295
2016-03-24,00:00:00,9217,6259,31940.0000,3701,23054.0000,2496,0.3107,0.4015,0.3315,0.3988,0.0263,0.0174,34477.0000,3987,24836.0000,2683,0.3354,0.4326,0.3571,0.4287,0.0752,0.0453
2016-03-25,00:00:00,9505,5319,32380.0000,3774,18653.0000,2052,0.3041,0.3971,0.3139,0.3858,0.0254,0.0146,35114.0000,4108,20576.0000,2256,0.3297,0.4322,0.3463,0.4241,0.0672,0.0321
2016-03-26,00:00:00,4072,2403,12052.0000,1420,7068.0000,796,0.2640,0.3487,0.2682,0.3313,0.0142,0.0097,13501.0000,1598,8078.0000,908,0.2957,0.3924,0.3066,0.3779,0.0219,0.0143
2016-03-27,00:00:00,9798,4026,34403.0000,4012,13201.0000,1483,0.3117,0.4095,0.3006,0.3684,0.0299,0.0136,37060.0000,4316,14662.0000,1651,0.3358,0.4405,0.3339,0.4101,0.1086,0.0228
2016-03-28,00:00:00,10980,4159,40342.0000,4577,13715.0000,1533,0.3222,0.4168,0.3029,0.3686,0.0321,0.0128,43014.0000,4884,15223.0000,1706,0.3435,0.4448,0.3362,0.4102,0.1144,0.0220
2016-03-29,00:00:00,10786,3829,38784.0000,4443,12781.0000,1399,0.3161,0.4119,0.3023,0.3654,0.0381,0.0141,41794.0000,4792,14345.0000,1563,0.3406,0.4443,0.3393,0.4082,0.0948,0.0207
2016-03-30,00:00:00,9885,4373,35453.0000,4037,15358.0000,1671,0.3178,0.4084,0.3175,0.3821,0.0265,0.0132,38182.0000,4350,16806.0000,1833,0.3423,0.4401,0.3475,0.4192,0.0804,0.0259
2016-03-31,00:00:00,10185,5276,36316.0000,4198,19414.0000,2090,0.3159,0.4122,0.3268,0.3961,0.0279,0.0152,39010.0000,4507,20921.0000,2253,0.3394,0.4425,0.3522,0.4270,0.0928,0.0392
2016-04-01,00:00:00,8596,5580,29542.0000,3423,20048.0000,2180,0.3075,0.3982,0.3229,0.3907,0.0252,0.0162,32157.0000,3735,21968.0000,2393,0.3348,0.4345,0.3538,0.4289,0.0662,0.0330
2016-04-02,00:00:00,5169,2581,16117.0000,1877,7916.0000,879,0.2775,0.3631,0.2795,0.3406,0.0169,0.0105,17937.0000,2101,9032.0000,1004,0.3089,0.4065,0.3189,0.3890,0.0313,0.0152
2016-04-03,00:00:00,9462,4330,32861.0000,3832,14156.0000,1587,0.3081,0.4050,0.3005,0.3665,0.0317,0.0141,35511.0000,4145,15836.0000,1763,0.3329,0.4381,0.3361,0.4072,0.1057,0.0231
2016-04-04,00:00:00,12164,3971,44568.0000,5133,12838.0000,1446,0.3236,0.4220,0.2968,0.3641,0.0374,0.0125,47332.0000,5444,14393.0000,1619,0.3437,0.4476,0.3328,0.4077,0.1434,0.0235
2016-04-05,00:00:00,10422,4016,38092.0000,4348,14067.0000,1519,0.3234,0.4172,0.3150,0.3782,0.0295,0.0130,40704.0000,4635,15438.0000,1676,0.3456,0.4447,0.3457,0.4173,0.1056,0.0252
2016-04-06,00:00:00,9778,5060,35901.0000,4028,18557.0000,2008,0.3233,0.4119,0.3287,0.3968,0.0283,0.0164,38631.0000,4334,20003.0000,2155,0.3479,0.4432,0.3543,0.4259,0.0916,0.0334
2016-04-07,00:00:00,9712,5708,34852.0000,4011,20639.0000,2251,0.3197,0.4130,0.3248,0.3944,0.0292,0.0170,37220.0000,4287,22380.0000,2444,0.3414,0.4414,0.3522,0.4282,0.0933,0.0383
2016-04-08,00:00:00,10266,6104,35832.0000,4157,22308.0000,2434,0.3106,0.4049,0.3271,0.3988,0.0347,0.0178,38760.0000,4501,24086.0000,2632,0.3359,0.4384,0.3531,0.4312,0.0888,0.0420
2016-04-09,00:00:00,4832,2336,14701.0000,1740,6688.0000,764,0.2712,0.3601,0.2631,0.3271,0.0161,0.0104,16510.0000,1957,7793.0000,886,0.3046,0.4050,0.3065,0.3793,0.0309,0.0145
2016-04-10,00:00:00,10414,4866,36992.0000,4268,16749.0000,1852,0.3148,0.4098,0.3138,0.3806,0.0364,0.0151,39926.0000,4610,18495.0000,2045,0.3397,0.4427,0.3465,0.4203,0.1193,0.0292
2016-04-11,00:00:00,11163,4484,41582.0000,4682,15250.0000,1705,0.3282,0.4194,0.3082,0.3802,0.0329,0.0140,44483.0000,5001,16750.0000,1864,0.3511,0.4480,0.3386,0.4157,0.1161,0.0237
2016-04-12,00:00:00,9269,4126,33595.0000,3815,14026.0000,1535,0.3206,0.4116,0.3102,0.3720,0.0271,0.0135,35995.0000,4093,15446.0000,1700,0.3435,0.4416,0.3416,0.4120,0.0782,0.0231
2016-04-13,00:00:00,9380,5071,33901.0000,3850,18020.0000,1981,0.3225,0.4104,0.3228,0.3907,0.0268,0.0154,36566.0000,4142,19501.0000,2141,0.3479,0.4416,0.3494,0.4222,0.0792,0.0319
2016-04-14,00:00:00,10366,6086,38092.0000,4314,22810.0000,2486,0.3279,0.4162,0.3339,0.4085,0.0291,0.0188,40694.0000,4614,24476.0000,2654,0.3503,0.4451,0.3583,0.4361,0.1006,0.0431
2016-04-15,00:00:00,9668,5739,34499.0000,3961,21046.0000,2302,0.3154,0.4097,0.3257,0.4011,0.0292,0.0174,36898.0000,4257,22729.0000,2487,0.3373,0.4403,0.3517,0.4334,0.0844,0.0382
2016-04-16,00:00:00,4648,2743,14030.0000,1651,7977.0000,906,0.2695,0.3552,0.2665,0.3303,0.0161,0.0114,15904.0000,1861,9267.0000,1044,0.3055,0.4004,0.3095,0.3806,0.0304,0.0171
2016-04-17,00:00:00,9664,5631,34287.0000,3956,19835.0000,2200,0.3147,0.4094,0.3209,0.3907,0.0292,0.0177,37035.0000,4264,21667.0000,2398,0.3399,0.4412,0.3505,0.4259,0.0939,0.0348
2016-04-18,00:00:00,11298,5060,41851.0000,4718,17514.0000,1945,0.3266,0.4176,0.3172,0.3844,0.0408,0.0152,44646.0000,5023,19158.0000,2124,0.3484,0.4446,0.3469,0.4198,0.1166,0.0282
2016-04-19,00:00:00,9604,4246,34551.0000,3952,14577.0000,1597,0.3203,0.4115,0.3124,0.3761,0.0339,0.0161,37058.0000,4225,16231.0000,1772,0.3436,0.4399,0.3478,0.4173,0.0801,0.0182
2016-04-20,00:00:00,9349,5258,33667.0000,3831,18877.0000,2068,0.3196,0.4098,0.3218,0.3933,0.0177,0.0097,36457.0000,4131,20710.0000,2258,0.3461,0.4419,0.3530,0.4294,0.0589,0.0224
2016-04-21,00:00:00,9359,6007,33378.0000,3811,22250.0000,2411,0.3165,0.4072,0.3312,0.4014,0.0175,0.0111,36002.0000,4106,24009.0000,2593,0.3414,0.4387,0.3574,0.4317,0.0559,0.0394
2016-04-22,00:00:00,8897,5850,30787.0000,3569,21397.0000,2332,0.3085,0.4011,0.3258,0.3986,0.0167,0.0106,33311.0000,3874,23125.0000,2522,0.3338,0.4354,0.3521,0.4311,0.0496,0.0259
2016-04-23,00:00:00,4314,2182,13113.0000,1550,6037.0000,676,0.2704,0.3593,0.2530,0.3098,0.0090,0.0060,14586.0000,1721,7160.0000,801,0.3007,0.3989,0.3000,0.3671,0.0169,0.0086
2016-04-24,00:00:00,9817,4269,34524.0000,4034,14617.0000,1601,0.3124,0.4109,0.3093,0.3750,0.0197,0.0084,37145.0000,4337,16159.0000,1769,0.3361,0.4418,0.3419,0.4144,0.0758,0.0154
2016-04-25,00:00:00,11408,4584,42181.0000,4789,15604.0000,1713,0.3258,0.4198,0.3096,0.3737,0.0225,0.0087,45086.0000,5114,17139.0000,1886,0.3483,0.4483,0.3400,0.4114,0.0910,0.0167
2016-04-26,00:00:00,9285,4194,33177.0000,3787,14407.0000,1579,0.3164,0.4079,0.3105,0.3765,0.0174,0.0081,35878.0000,4081,15970.0000,1744,0.3421,0.4395,0.3442,0.4158,0.0581,0.0163
2016-04-27,00:00:00,10067,4905,35682.0000,4128,17557.0000,1912,0.3143,0.4101,0.3219,0.3898,0.0188,0.0093,38271.0000,4411,19195.0000,2081,0.3372,0.4382,0.3519,0.4243,0.0649,0.0205
2016-04-28,00:00:00,10314,5971,36824.0000,4254,21857.0000,2383,0.3191,0.4124,0.3291,0.3991,0.0194,0.0111,39495.0000,4581,23734.0000,2575,0.3422,0.4442,0.3574,0.4313,0.0686,0.0300
2016-04-29,00:00:00,9389,5326,32406.0000,3789,19465.0000,2129,0.3057,0.4036,0.3273,0.3997,0.0177,0.0101,35113.0000,4099,20971.0000,2296,0.3312,0.4366,0.3526,0.4311,0.0531,0.0224
2016-04-30,00:00:00,5192,2403,15501.0000,1856,6859.0000,782,0.2656,0.3575,0.2620,0.3254,0.0104,0.0062,17411.0000,2084,7971.0000,898,0.2983,0.4014,0.3045,0.3737,0.0210,0.0090
2016-05-01,00:00:00,9764,4665,33512.0000,3936,15833.0000,1761,0.3040,0.4031,0.3098,0.3775,0.0184,0.0088,36411.0000,4272,17588.0000,1940,0.3303,0.4375,0.3442,0.4159,0.0638,0.0178
2016-05-02,00:00:00,12462,4296,46412.0000,5285,14274.0000,1588,0.3276,0.4241,0.3010,0.3696,0.0248,0.0085,49186.0000,5601,15946.0000,1773,0.3472,0.4494,0.3363,0.4127,0.1157,0.0159
2016-05-03,00:00:00,10340,3946,36831.0000,4237,13451.0000,1475,0.3154,0.4098,0.3083,0.3738,0.0196,0.0080,39682.0000,4561,14992.0000,1626,0.3399,0.4411,0.3436,0.4121,0.0692,0.0144
2016-05-04,00:00:00,10359,5003,37616.0000,4272,17769.0000,1953,0.3230,0.4124,0.3214,0.3904,0.0196,0.0094,40337.0000,4577,19485.0000,2128,0.3463,0.4418,0.3524,0.4253,0.0686,0.0209
2016-05-05,00:00:00,10554,6098,38031.0000,4343,22920.0000,2479,0.3188,0.4115,0.3342,0.4065,0.0196,0.0112,41010.0000,4687,24620.0000,2655,0.3438,0.4441,0.3590,0.4354,0.0706,0.0305
2016-05-06,00:00:00,9541,6262,33415.0000,3855,22882.0000,2501,0.3110,0.4040,0.3265,0.3994,0.0174,0.0110,36226.0000,4174,24767.0000,2702,0.3371,0.4375,0.3534,0.4315,0.0560,0.0275
2016-05-07,00:00:00,5370,2738,16487.0000,1936,8460.0000,940,0.2733,0.3605,0.2790,0.3433,0.0104,0.0067,18498.0000,2168,9708.0000,1076,0.3066,0.4037,0.3202,0.3930,0.0212,0.0100
2016-05-08,00:00:00,9691,4594,34086.0000,3957,15651.0000,1764,0.3118,0.4083,0.3106,0.3840,0.0193,0.0088,36621.0000,4271,17285.0000,1942,0.3350,0.4407,0.3430,0.4227,0.0726,0.0174
2016-05-09,00:00:00,12340,4995,45873.0000,5234,17133.0000,1891,0.3293,0.4241,0.3136,0.3786,0.0248,0.0090,48606.0000,5541,18820.0000,2082,0.3489,0.4490,0.3444,0.4168,0.1054,0.0190
2016-05-10,00:00:00,10212,4458,37121.0000,4220,15386.0000,1687,0.3217,0.4132,0.3115,0.3784,0.0195,0.0085,39864.0000,4521,16987.0000,1856,0.3455,0.4427,0.3439,0.4163,0.0716,0.0173
2016-05-11,00:00:00,10045,5402,36069.0000,4132,19441.0000,2105,0.3213,0.4113,0.3234,0.3897,0.0188,0.0100,38523.0000,4429,21221.0000,2294,0.3431,0.4409,0.3530,0.4247,0.0652,0.0237
2016-05-12,00:00:00,10597,6336,38073.0000,4354,23650.0000,2544,0.3214,0.4109,0.3347,0.4015,0.0199,0.0117,40919.0000,4671,25288.0000,2721,0.3455,0.4408,0.3579,0.4295,0.0736,0.0317
2016-05-13,00:00:00,10088,6004,35496.0000,4117,21725.0000,2387,0.3140,0.4081,0.3253,0.3976,0.0184,0.0107,38103.0000,4424,23610.0000,2587,0.3371,0.4385,0.3535,0.4309,0.0620,0.0273
2016-05-14,00:00:00,5982,2836,18938.0000,2229,8589.0000,965,0.2831,0.3726,0.2785,0.3403,0.0114,0.0065,21052.0000,2462,9757.0000,1096,0.3147,0.4116,0.3164,0.3865,0.0262,0.0104
2016-05-15,00:00:00,10809,5014,38860.0000,4494,17367.0000,1912,0.3187,0.4158,0.3154,0.3813,0.0219,0.0092,41321.0000,4794,19182.0000,2112,0.3389,0.4435,0.3483,0.4212,0.1001,0.0197
2016-05-16,00:00:00,11955,5305,44128.0000,5020,18573.0000,2074,0.3271,0.4199,0.3193,0.3910,0.0257,0.0134,47026.0000,5353,20219.0000,2255,0.3486,0.4478,0.3476,0.4251,0.1057,0.0215
2016-05-17,00:00:00,12134,5283,44394.0000,5103,18719.0000,2072,0.3242,0.4206,0.3215,0.3922,0.0243,0.0099,47330.0000,5457,20374.0000,2252,0.3456,0.4497,0.3499,0.4263,0.1001,0.0233
2016-05-18,00:00:00,10858,6202,39521.0000,4541,22989.0000,2505,0.3235,0.4182,0.3324,0.4039,0.0213,0.0112,42240.0000,4853,24729.0000,2690,0.3457,0.4470,0.3575,0.4337,0.0802,0.0297
2016-05-19,00:00:00,10936,6694,40093.0000,4541,25173.0000,2739,0.3242,0.4152,0.3359,0.4092,0.0216,0.0123,42980.0000,4874,27098.0000,2947,0.3475,0.4457,0.3615,0.4402,0.0809,0.0355
2016-05-20,00:00:00,9840,6578,34266.0000,3994,24251.0000,2648,0.3103,0.4059,0.3298,0.4026,0.0182,0.0121,36929.0000,4308,26246.0000,2865,0.3344,0.4378,0.3569,0.4355,0.0735,0.0381
2016-05-21,00:00:00,5222,3104,15946.0000,1917,9607.0000,1080,0.2739,0.3671,0.2800,0.3479,0.0136,0.0096,17829.0000,2139,10945.0000,1227,0.3063,0.4096,0.3190,0.3953,0.0277,0.0190
2016-05-22,00:00:00,10427,5232,37071.0000,4272,17964.0000,2021,0.3146,0.4097,0.3149,0.3863,0.0288,0.0100,39700.0000,4598,19594.0000,2204,0.3370,0.4410,0.3435,0.4213,0.0822,0.0206
2016-05-23,00:00:00,11241,5432,41643.0000,4711,19067.0000,2108,0.3264,0.4191,0.3159,0.3881,0.0219,0.0097,44375.0000,5027,20941.0000,2296,0.3478,0.4472,0.3469,0.4227,0.0891,0.0216
2016-05-24,00:00:00,9958,4434,36248.0000,4142,15409.0000,1674,0.3217,0.4159,0.3126,0.3775,0.0183,0.0082,38690.0000,4421,17021.0000,1842,0.3434,0.4440,0.3453,0.4154,0.0655,0.0174
2016-05-25,00:00:00,9606,5442,34513.0000,3909,19838.0000,2175,0.3179,0.4069,0.3286,0.3997,0.0195,0.0118,36978.0000,4210,21444.0000,2346,0.3406,0.4383,0.3552,0.4311,0.0701,0.0335
2016-05-26,00:00:00,9502,6473,33440.0000,3827,23745.0000,2591,0.3120,0.4028,0.3277,0.4003,0.0172,0.0119,36335.0000,4155,25638.0000,2787,0.3390,0.4373,0.3538,0.4306,0.0599,0.0325
2016-05-27,00:00:00,8704,5754,29241.0000,3433,20137.0000,2230,0.2999,0.3944,0.3153,0.3876,0.0164,0.0103,32029.0000,3753,22164.0000,2450,0.3285,0.4312,0.3470,0.4258,0.0466,0.0247
2016-05-28,00:00:00,4797,2567,14270.0000,1708,7580.0000,855,0.2660,0.3561,0.2721,0.3331,0.0098,0.0063,16337.0000,1945,8666.0000,975,0.3046,0.4055,0.3111,0.3798,0.0193,0.0092
2016-05-29,00:00:00,6186,2545,19610.0000,2311,7454.0000,853,0.2822,0.3736,0.2697,0.3352,0.0120,0.0063,21879.0000,2587,8611.0000,977,0.3148,0.4182,0.3116,0.3839,0.0272,0.0091
2016-05-30,00:00:00,10883,3964,38025.0000,4428,13021.0000,1469,0.3083,0.4069,0.3004,0.3706,0.0235,0.0078,41286.0000,4805,14494.0000,1623,0.3348,0.4415,0.3344,0.4094,0.0819,0.0140
2016-05-31,00:00:00,11222,4322,41200.0000,4649,14484.0000,1594,0.3231,0.4143,0.3070,0.3688,0.0219,0.0087,44083.0000,4988,16084.0000,1776,0.3457,0.4445,0.3409,0.4109,0.0837,0.0153
2016-06-01,00:00:00,10735,4007,38345.0000,4422,13461.0000,1481,0.3172,0.4119,0.3055,0.3696,0.0214,0.0076,41148.0000,4747,14902.0000,1634,0.3404,0.4422,0.3382,0.4078,0.0697,0.0149
2016-06-02,00:00:00,10058,5152,35823.0000,4132,18427.0000,2005,0.3175,0.4108,0.3198,0.3892,0.0192,0.0101,38533.0000,4439,20251.0000,2190,0.3415,0.4413,0.3514,0.4251,0.0705,0.0255
2016-06-03,00:00:00,9268,5535,32310.0000,3744,20079.0000,2189,0.3088,0.4040,0.3243,0.3955,0.0202,0.0165,35089.0000,4056,21857.0000,2391,0.3353,0.4376,0.3530,0.4320,0.0623,0.0301
2016-06-04,00:00:00,5233,2519,16094.0000,1901,7206.0000,817,0.2731,0.3633,0.2638,0.3243,0.0111,0.0073,18162.0000,2133,8456.0000,943,0.3082,0.4076,0.3096,0.3744,0.0287,0.0144
2016-06-05,00:00:00,9489,4303,33715.0000,3877,14336.0000,1593,0.3138,0.4086,0.3041,0.3702,0.0236,0.0111,36149.0000,4166,15920.0000,1769,0.3365,0.4390,0.3377,0.4111,0.0776,0.0157
2016-06-06,00:00:00,13292,5046,49707.0000,5625,17419.0000,1926,0.3292,0.4232,0.3135,0.3817,0.0276,0.0136,52943.0000,5991,19103.0000,2115,0.3506,0.4507,0.3438,0.4191,0.1643,0.0193
2016-06-07,00:00:00,10110,4522,36578.0000,4195,15662.0000,1718,0.3212,0.4149,0.3121,0.3799,0.0200,0.0087,39172.0000,4492,17337.0000,1891,0.3439,0.4443,0.3455,0.4182,0.0717,0.0178
2016-06-08,00:00:00,9878,5056,35085.0000,4025,17771.0000,1959,0.3160,0.4075,0.3192,0.3875,0.0208,0.0116,37694.0000,4331,19426.0000,2128,0.3395,0.4384,0.3490,0.4209,0.0754,0.0210
2016-06-09,00:00:00,10945,6417,39371.0000,4521,23955.0000,2591,0.3211,0.4131,0.3365,0.4038,0.0219,0.0156,42092.0000,4838,25939.0000,2803,0.3432,0.4420,0.3644,0.4368,0.1004,0.0389
2016-06-10,00:00:00,9932,6097,35000.0000,4051,22187.0000,2433,0.3139,0.4079,0.3281,0.3990,0.0184,0.0130,37692.0000,4376,23915.0000,2629,0.3380,0.4406,0.3537,0.4312,0.0755,0.0402
2016-06-11,00:00:00,5456,2660,16981.0000,1997,7647.0000,872,0.2793,0.3660,0.2657,0.3278,0.0114,0.0082,18787.0000,2207,8966.0000,1011,0.3090,0.4045,0.3115,0.3801,0.0369,0.0142
2016-06-12,00:00:00,9877,4661,34552.0000,4035,15520.0000,1750,0.3122,0.4085,0.3084,0.3755,0.0232,0.0088,37153.0000,4348,17071.0000,1910,0.3357,0.4402,0.3392,0.4098,0.0732,0.0207
2016-06-13,00:00:00,12029,4905,44572.0000,5070,17123.0000,1875,0.3277,0.4215,0.3164,0.3823,0.0267,0.0094,47589.0000,5402,18914.0000,2065,0.3499,0.4491,0.3495,0.4210,0.1005,0.0182
2016-06-14,00:00:00,10516,4370,38130.0000,4376,14795.0000,1640,0.3230,0.4161,0.3077,0.3753,0.0203,0.0082,40691.0000,4676,16391.0000,1811,0.3447,0.4447,0.3409,0.4144,0.0790,0.0163
2016-06-15,00:00:00,10392,5054,37544.0000,4295,18259.0000,1978,0.3196,0.4133,0.3232,0.3914,0.0196,0.0095,40462.0000,4624,19905.0000,2158,0.3444,0.4450,0.3524,0.4270,0.0739,0.0251
2016-06-16,00:00:00,10161,5752,36781.0000,4202,21235.0000,2309,0.3230,0.4135,0.3300,0.4014,0.0228,0.0113,39510.0000,4527,23007.0000,2487,0.3470,0.4455,0.3576,0.4324,0.0734,0.0254
2016-06-17,00:00:00,9645,6527,33165.0000,3856,24049.0000,2632,0.3060,0.3998,0.3317,0.4032,0.0170,0.0170,35967.0000,4183,25986.0000,2848,0.3319,0.4337,0.3584,0.4363,0.0701,0.0339
2016-06-18,00:00:00,4759,2836,14385.0000,1708,8457.0000,961,0.2719,0.3589,0.2757,0.3389,0.0095,0.0066,16105.0000,1921,9727.0000,1093,0.3044,0.4037,0.3171,0.3854,0.0183,0.0114
2016-06-19,00:00:00,9816,4246,34458.0000,4007,14102.0000,1572,0.3108,0.4082,0.3043,0.3702,0.0207,0.0088,37166.0000,4314,15694.0000,1740,0.3352,0.4395,0.3387,0.4098,0.0762,0.0153
2016-06-20,00:00:00,11287,4693,41967.0000,4752,16160.0000,1776,0.3277,0.4210,0.3122,0.3784,0.0341,0.0127,44603.0000,5057,17703.0000,1948,0.3483,0.4480,0.3420,0.4151,0.0956,0.0191
2016-06-21,00:00:00,9054,4342,32260.0000,3676,14519.0000,1617,0.3169,0.4060,0.3053,0.3724,0.0218,0.0120,34876.0000,3961,16246.0000,1789,0.3425,0.4375,0.3416,0.4120,0.0783,0.0225
2016-06-22,00:00:00,10011,5015,35996.0000,4109,17874.0000,1950,0.3186,0.4104,0.3217,0.3888,0.0231,0.0105,38627.0000,4410,19306.0000,2121,0.3419,0.4405,0.3475,0.4229,0.0758,0.0220
2016-06-23,00:00:00,9750,5582,34479.0000,3959,20070.0000,2170,0.3162,0.4061,0.3227,0.3887,0.0272,0.0109,37000.0000,4256,21837.0000,2370,0.3393,0.4365,0.3511,0.4246,0.0748,0.0336
2016-06-24,00:00:00,10458,5711,36381.0000,4239,20540.0000,2254,0.3099,0.4053,0.3243,0.3947,0.0313,0.0134,39130.0000,4560,22295.0000,2442,0.3334,0.4360,0.3520,0.4276,0.0651,0.0257
2016-06-25,00:00:00,5823,2612,18599.0000,2148,7514.0000,853,0.2839,0.3689,0.2635,0.3266,0.0180,0.0091,20679.0000,2394,8714.0000,984,0.3157,0.4111,0.3056,0.3767,0.0315,0.0121
2016-06-26,00:00:00,9958,4754,34908.0000,4017,16029.0000,1780,0.3105,0.4034,0.3075,0.3744,0.0212,0.0088,37802.0000,4352,17712.0000,1966,0.3363,0.4370,0.3398,0.4135,0.0780,0.0213
2016-06-27,00:00:00,11183,5488,40856.0000,4623,19542.0000,2147,0.3211,0.4134,0.3207,0.3912,0.0257,0.0183,43907.0000,4966,21274.0000,2332,0.3451,0.4441,0.3491,0.4249,0.1150,0.0304
2016-06-28,00:00:00,8230,4940,28541.0000,3286,17334.0000,1891,0.3101,0.3993,0.3174,0.3828,0.0203,0.0129,30954.0000,3566,19026.0000,2063,0.3363,0.4333,0.3484,0.4176,0.0451,0.0234
2016-06-29,00:00:00,10016,5446,34159.0000,3969,19398.0000,2107,0.3044,0.3963,0.3234,0.3869,0.0232,0.0159,37430.0000,4334,21309.0000,2309,0.3336,0.4327,0.3552,0.4240,0.0593,0.0276
2016-06-30,00:00:00,8864,5907,30280.0000,3518,21647.0000,2346,0.3046,0.3969,0.3275,0.3972,0.0237,0.0116,32767.0000,3825,23521.0000,2557,0.3297,0.4315,0.3558,0.4329,0.0508,0.0260
